Attendee,Join Time,Leave Time,Join Time Number,Leave Time Number
Jaslyn Chapman,11/9/2020 15:18,11/9/2020 18:04,1915456680,1915466640
Jaslyn Chapman,11/9/2020 13:57,11/9/2020 15:18,1915451820,1915456680
Dalia Gentry,11/9/2020 13:59,11/9/2020 19:03,1915451940,1915470180
Mark Cannon,11/9/2020 15:42,11/9/2020 16:16,1915458120,1915460160
Braelyn Terrell,11/9/2020 15:17,11/9/2020 17:19,1915456620,1915463940
Braelyn Terrell,11/9/2020 13:58,11/9/2020 15:16,1915451880,1915456560
Kallie Weiss,11/9/2020 14:26,11/9/2020 18:09,1915453560,1915466940
Branson Rivas,11/9/2020 13:39,11/9/2020 19:03,1915450740,1915470180
Dalia Cooper,11/9/2020 14:01,11/9/2020 18:07,1915452060,1915466820
Walker Salazar,11/9/2020 13:21,11/9/2020 14:03,1915449660,1915452180
Walker Salazar,11/9/2020 14:03,11/9/2020 19:03,1915452180,1915470180
Walker Salazar,11/9/2020 14:03,11/9/2020 14:04,1915452180,1915452240
Brayden Sosa,11/9/2020 13:52,11/9/2020 17:18,1915451520,1915463880
Whitney Zhang,11/9/2020 14:23,11/9/2020 14:24,1915453380,1915453440
Zion Oconnor,11/9/2020 13:39,11/9/2020 19:03,1915450740,1915470180
Taniya Frey,11/9/2020 13:50,11/9/2020 19:03,1915451400,1915470180
Kinley Olson,11/9/2020 14:10,11/9/2020 16:04,1915452600,1915459440
Selah Moreno,11/9/2020 14:00,11/9/2020 17:39,1915452000,1915465140
Guillermo Cherry,11/9/2020 14:20,11/9/2020 15:08,1915453200,1915456080
Makenna Hernandez,11/9/2020 14:00,11/9/2020 17:55,1915452000,1915466100
Fisher Casey,11/9/2020 13:58,11/9/2020 18:07,1915451880,1915466820
Dana Lindsey,11/9/2020 14:11,11/9/2020 14:29,1915452660,1915453740
Christopher Powell,11/9/2020 18:57,11/9/2020 18:57,1915469820,1915469820
Adrian Shah,11/9/2020 13:21,11/9/2020 14:03,1915449660,1915452180
Adrian Shah,11/9/2020 14:03,11/9/2020 15:00,1915452180,1915455600
Adrian Shah,11/9/2020 15:00,11/9/2020 19:03,1915455600,1915470180
Nicolas Maddox,11/9/2020 13:48,11/9/2020 18:06,1915451280,1915466760
Jaida Vasquez,11/9/2020 13:57,11/9/2020 19:03,1915451820,1915470180
Princess Compton,11/9/2020 14:03,11/9/2020 17:09,1915452180,1915463340
Princess Compton,11/9/2020 13:57,11/9/2020 14:03,1915451820,1915452180
Janiya Rocha,11/9/2020 14:01,11/9/2020 15:00,1915452060,1915455600
Kaiya Cordova,11/9/2020 14:01,11/9/2020 14:06,1915452060,1915452360
Kaiya Cordova,11/9/2020 14:06,11/9/2020 14:54,1915452360,1915455240
Kaiya Cordova,11/9/2020 17:26,11/9/2020 18:01,1915464360,1915466460
Kaiya Cordova,11/9/2020 16:21,11/9/2020 17:03,1915460460,1915462980
Kaiya Cordova,11/9/2020 14:54,11/9/2020 15:02,1915455240,1915455720
Frida Ritter,11/9/2020 13:52,11/9/2020 19:03,1915451520,1915470180
Taylor David,11/9/2020 14:00,11/9/2020 19:03,1915452000,1915470180
Reyna Yang,11/9/2020 13:52,11/9/2020 19:00,1915451520,1915470000
Korbin Blankenship,11/9/2020 14:29,11/9/2020 19:03,1915453740,1915470180
Jordin Schroeder,11/9/2020 13:59,11/9/2020 15:25,1915451940,1915457100
Oliver Dean,11/9/2020 13:46,11/9/2020 18:02,1915451160,1915466520
Felipe Ross,11/9/2020 13:32,11/9/2020 15:02,1915450320,1915455720
Felipe Ross,11/9/2020 16:16,11/9/2020 18:03,1915460160,1915466580
Leonard Colon,11/9/2020 13:49,11/9/2020 15:35,1915451340,1915457700
Jesus Reynolds,11/9/2020 13:36,11/9/2020 19:03,1915450560,1915470180
Bianca Estrada,11/9/2020 13:50,11/9/2020 19:03,1915451400,1915470180
Zaiden Middleton,11/9/2020 16:35,11/9/2020 17:17,1915461300,1915463820
Zaiden Middleton,11/9/2020 13:52,11/9/2020 15:04,1915451520,1915455840
Zaiden Middleton,11/9/2020 15:11,11/9/2020 16:17,1915456260,1915460220
Bailey Fuller,11/9/2020 13:38,11/9/2020 16:17,1915450680,1915460220
Bailey Fuller,11/9/2020 17:17,11/9/2020 18:03,1915463820,1915466580
Jessie Raymond,11/9/2020 16:21,11/9/2020 19:03,1915460460,1915470180
Scarlett Potter,11/9/2020 14:14,11/9/2020 14:25,1915452840,1915453500
Elizabeth Bullock,11/9/2020 14:00,11/9/2020 16:17,1915452000,1915460220
Cristal Boyle,11/9/2020 16:05,11/9/2020 16:05,1915459500,1915459500
Cristal Boyle,11/9/2020 16:04,11/9/2020 19:03,1915459440,1915470180
Cristal Boyle,11/9/2020 13:35,11/9/2020 16:04,1915450500,1915459440
Ruby Kent,11/9/2020 13:50,11/9/2020 16:11,1915451400,1915459860
Ruby Kent,11/9/2020 16:17,11/9/2020 16:57,1915460220,1915462620
Jolie Jensen,11/9/2020 13:21,11/9/2020 18:55,1915449660,1915469700
Ashanti Landry,11/9/2020 18:13,11/9/2020 18:19,1915467180,1915467540
Ashanti Landry,11/9/2020 16:36,11/9/2020 17:49,1915461360,1915465740
Ashanti Landry,11/9/2020 17:49,11/9/2020 18:10,1915465740,1915467000
Ashanti Landry,11/9/2020 18:19,11/9/2020 18:48,1915467540,1915469280
Ashanti Landry,11/9/2020 18:53,11/9/2020 18:57,1915469580,1915469820
Ashanti Landry,11/9/2020 18:57,11/9/2020 19:03,1915469820,1915470180
Ashanti Landry,11/9/2020 18:51,11/9/2020 18:53,1915469460,1915469580
Ashanti Landry,11/9/2020 18:10,11/9/2020 18:13,1915467000,1915467180
Ashanti Landry,11/9/2020 18:48,11/9/2020 18:51,1915469280,1915469460
Ashanti Landry,11/9/2020 14:25,11/9/2020 16:36,1915453500,1915461360
Karson Price,11/9/2020 13:32,11/9/2020 19:03,1915450320,1915470180
Regina Christian,11/9/2020 13:59,11/9/2020 15:04,1915451940,1915455840
Regina Christian,11/9/2020 15:16,11/9/2020 15:51,1915456560,1915458660
Alejandra Reed,11/9/2020 14:03,11/9/2020 18:03,1915452180,1915466580
Alejandra Reed,11/9/2020 13:56,11/9/2020 14:03,1915451760,1915452180
Alejandra Reed,11/9/2020 18:31,11/9/2020 19:03,1915468260,1915470180
Alejandra Reed,11/9/2020 14:03,11/9/2020 14:03,1915452180,1915452180
Brooke Figueroa,11/9/2020 17:28,11/9/2020 18:02,1915464480,1915466520
Brooke Figueroa,11/9/2020 14:01,11/9/2020 14:02,1915452060,1915452120
Brooke Figueroa,11/9/2020 16:31,11/9/2020 17:01,1915461060,1915462860
Brooke Figueroa,11/9/2020 17:03,11/9/2020 17:16,1915462980,1915463760
Brooke Figueroa,11/9/2020 14:04,11/9/2020 15:01,1915452240,1915455660
Brooke Figueroa,11/9/2020 14:00,11/9/2020 14:01,1915452000,1915452060
Keagan Payne,11/9/2020 13:55,11/9/2020 14:58,1915451700,1915455480
Keagan Payne,11/9/2020 14:59,11/9/2020 15:10,1915455540,1915456200
Keagan Payne,11/9/2020 15:14,11/9/2020 19:03,1915456440,1915470180
Evangeline Chen,11/9/2020 15:14,11/9/2020 19:03,1915456440,1915470180
Norah Reed,11/9/2020 16:04,11/9/2020 17:44,1915459440,1915465440
Armani Andrews,11/9/2020 14:42,11/9/2020 19:03,1915454520,1915470180
Aaliyah Price,11/9/2020 16:04,11/9/2020 16:06,1915459440,1915459560
Aaliyah Price,11/9/2020 16:07,11/9/2020 18:07,1915459620,1915466820
Aaliyah Price,11/9/2020 13:31,11/9/2020 13:31,1915450260,1915450260
Aaliyah Price,11/9/2020 13:54,11/9/2020 16:04,1915451640,1915459440
Matteo Rangel,11/9/2020 18:31,11/9/2020 19:01,1915468260,1915470060
Jaydan Gonzales,11/9/2020 13:21,11/9/2020 15:21,1915449660,1915456860
Jaydan Gonzales,11/9/2020 15:25,11/9/2020 15:27,1915457100,1915457220
Jaydan Gonzales,11/9/2020 15:41,11/9/2020 18:34,1915458060,1915468440
Jaydan Gonzales,11/9/2020 15:24,11/9/2020 15:25,1915457040,1915457100
Jaydan Gonzales,11/9/2020 15:39,11/9/2020 15:41,1915457940,1915458060
Alexzander Harrison,11/9/2020 13:58,11/9/2020 15:01,1915451880,1915455660
Teagan Garrison,11/9/2020 16:30,11/9/2020 17:17,1915461000,1915463820
Teagan Garrison,11/9/2020 16:14,11/9/2020 16:17,1915460040,1915460220
Teagan Garrison,11/9/2020 17:44,11/9/2020 18:01,1915465440,1915466460
Teagan Garrison,11/9/2020 18:14,11/9/2020 19:03,1915467240,1915470180
Tristen Rocha,11/9/2020 13:57,11/9/2020 19:03,1915451820,1915470180
Shyla Kane,11/9/2020 14:46,11/9/2020 14:47,1915454760,1915454820
Jasmin Zavala,11/9/2020 13:57,11/9/2020 16:16,1915451820,1915460160
Kaiya Chung,11/9/2020 16:04,11/9/2020 19:03,1915459440,1915470180
Kaiya Chung,11/9/2020 13:40,11/9/2020 16:04,1915450800,1915459440
Noelle Weber,11/9/2020 13:47,11/9/2020 16:16,1915451220,1915460160
Pierce Russell,11/9/2020 14:17,11/9/2020 17:06,1915453020,1915463160
Pierce Russell,11/9/2020 17:12,11/9/2020 17:16,1915463520,1915463760
Adolfo Boyle,11/9/2020 14:00,11/9/2020 19:03,1915452000,1915470180
Aedan Fischer,11/9/2020 15:16,11/9/2020 18:04,1915456560,1915466640
Maggie Franco,11/9/2020 13:55,11/9/2020 18:10,1915451700,1915467000
Alisa Cline,11/9/2020 15:22,11/9/2020 16:39,1915456920,1915461540
Kaydence Stark,11/9/2020 14:48,11/9/2020 18:02,1915454880,1915466520
Johan Woods,11/9/2020 13:45,11/9/2020 13:51,1915451100,1915451460
Johan Woods,11/9/2020 13:53,11/9/2020 13:54,1915451580,1915451640
Johan Woods,11/9/2020 13:54,11/9/2020 19:03,1915451640,1915470180
Aisha English,11/9/2020 13:59,11/9/2020 18:26,1915451940,1915467960
Maximus Greer,11/9/2020 13:35,11/9/2020 16:04,1915450500,1915459440
Maximus Greer,11/9/2020 16:04,11/9/2020 19:03,1915459440,1915470180
Brooks Long,11/9/2020 13:55,11/9/2020 16:17,1915451700,1915460220
Brooks Long,11/9/2020 17:17,11/9/2020 18:03,1915463820,1915466580
Gerardo Baldwin,11/9/2020 13:56,11/9/2020 18:03,1915451760,1915466580
Israel Conrad,11/9/2020 14:37,11/9/2020 14:38,1915454220,1915454280
Giancarlo Abbott,11/9/2020 13:54,11/9/2020 16:51,1915451640,1915462260
Demarcus Boyd,11/9/2020 13:54,11/9/2020 17:16,1915451640,1915463760
Lyric Clarke,11/9/2020 14:03,11/9/2020 18:16,1915452180,1915467360
Lyric Clarke,11/9/2020 13:57,11/9/2020 14:03,1915451820,1915452180
Lyric Clarke,11/9/2020 18:34,11/9/2020 18:35,1915468440,1915468500
Araceli Sampson,11/9/2020 18:17,11/9/2020 18:18,1915467420,1915467480
Araceli Sampson,11/9/2020 14:18,11/9/2020 15:32,1915453080,1915457520
Sarahi Watts,11/9/2020 16:25,11/9/2020 16:52,1915460700,1915462320
Bridger Burton,11/9/2020 13:39,11/9/2020 13:45,1915450740,1915451100
Bridger Burton,11/9/2020 13:47,11/9/2020 19:03,1915451220,1915470180
Cedric Reed,11/9/2020 14:21,11/9/2020 14:55,1915453260,1915455300
Amina Washington,11/9/2020 13:22,11/9/2020 19:03,1915449720,1915470180
Desirae Terry,11/9/2020 16:37,11/9/2020 17:22,1915461420,1915464120
Sonny Roth,11/9/2020 18:01,11/9/2020 18:02,1915466460,1915466520
Sonny Roth,11/9/2020 13:58,11/9/2020 18:01,1915451880,1915466460
Jessie Lloyd,11/9/2020 16:45,11/9/2020 17:10,1915461900,1915463400
Jessie Lloyd,11/9/2020 13:49,11/9/2020 16:16,1915451340,1915460160
Jessie Lloyd,11/9/2020 16:32,11/9/2020 16:45,1915461120,1915461900
Tori Liu,11/9/2020 14:08,11/9/2020 18:37,1915452480,1915468620
Jaelyn Hines,11/9/2020 14:00,11/9/2020 16:19,1915452000,1915460340
German Higgins,11/9/2020 13:52,11/9/2020 16:59,1915451520,1915462740
Ricardo Lin,11/9/2020 13:51,11/9/2020 18:31,1915451460,1915468260
Alaina Miller,11/9/2020 17:10,11/9/2020 19:03,1915463400,1915470180
Yoselin Marshall,11/9/2020 13:24,11/9/2020 19:03,1915449840,1915470180
Shelby Wyatt,11/9/2020 13:59,11/9/2020 16:13,1915451940,1915459980
Alexis Cruz,11/9/2020 14:02,11/9/2020 18:01,1915452120,1915466460
Alexis Cruz,11/9/2020 18:36,11/9/2020 19:03,1915468560,1915470180
Emery Schmidt,11/9/2020 14:09,11/9/2020 18:04,1915452540,1915466640
Kane Hatfield,11/9/2020 13:49,11/9/2020 19:03,1915451340,1915470180
Alannah Wright,11/9/2020 13:58,11/9/2020 19:03,1915451880,1915470180
Zaid Clark,11/9/2020 13:21,11/9/2020 13:23,1915449660,1915449780
Melvin Vaughn,11/9/2020 13:45,11/9/2020 19:03,1915451100,1915470180
Meghan Ford,11/9/2020 13:56,11/9/2020 18:51,1915451760,1915469460
Leslie Fisher,11/9/2020 13:53,11/9/2020 18:52,1915451580,1915469520
Dayana Mcpherson,11/9/2020 13:56,11/9/2020 16:28,1915451760,1915460880
Dayana Mcpherson,11/9/2020 17:52,11/9/2020 18:13,1915465920,1915467180
Colton Knapp,11/9/2020 14:05,11/9/2020 14:18,1915452300,1915453080
Colton Knapp,11/9/2020 14:19,11/9/2020 19:03,1915453140,1915470180
Braiden Nelson,11/9/2020 18:43,11/9/2020 19:00,1915468980,1915470000
Amani Spencer,11/9/2020 13:41,11/9/2020 19:03,1915450860,1915470180
Jamar Hanna,11/9/2020 14:23,11/9/2020 16:13,1915453380,1915459980
Kayden Hancock,11/9/2020 13:33,11/9/2020 19:03,1915450380,1915470180
Finley Graham,11/9/2020 13:21,11/9/2020 18:09,1915449660,1915466940
Kane Mack,11/9/2020 13:23,11/9/2020 13:24,1915449780,1915449840
Kane Mack,11/9/2020 13:52,11/9/2020 18:10,1915451520,1915467000
Agustin Hogan,11/9/2020 16:01,11/9/2020 17:02,1915459260,1915462920
Trent Tate,11/9/2020 14:26,11/9/2020 15:08,1915453560,1915456080
Trent Tate,11/9/2020 15:13,11/9/2020 15:16,1915456380,1915456560
Zoe Bright,11/9/2020 16:47,11/9/2020 17:17,1915462020,1915463820
Zoe Bright,11/9/2020 14:01,11/9/2020 15:59,1915452060,1915459140
Zoe Bright,11/9/2020 17:30,11/9/2020 17:50,1915464600,1915465800
Brielle Davila,11/9/2020 13:59,11/9/2020 18:02,1915451940,1915466520
Jasmine Stafford,11/9/2020 13:58,11/9/2020 15:26,1915451880,1915457160
Jasmine Stafford,11/9/2020 13:56,11/9/2020 13:57,1915451760,1915451820
Jaylee Huber,11/9/2020 16:04,11/9/2020 16:19,1915459440,1915460340
Jaylee Huber,11/9/2020 14:42,11/9/2020 15:05,1915454520,1915455900
Jaylee Huber,11/9/2020 15:19,11/9/2020 16:04,1915456740,1915459440
Jaylee Huber,11/9/2020 16:29,11/9/2020 18:06,1915460940,1915466760
Koen Kane,11/9/2020 14:14,11/9/2020 14:30,1915452840,1915453800
Dayana Fitzgerald,11/9/2020 15:10,11/9/2020 18:08,1915456200,1915466880
Jaidyn Choi,11/9/2020 14:03,11/9/2020 16:12,1915452180,1915459920
Jaidyn Choi,11/9/2020 13:58,11/9/2020 14:03,1915451880,1915452180
Tiffany Shields,11/9/2020 13:54,11/9/2020 19:03,1915451640,1915470180
Jadon Mcbride,11/9/2020 13:53,11/9/2020 14:03,1915451580,1915452180
Jadon Mcbride,11/9/2020 14:04,11/9/2020 14:52,1915452240,1915455120
Deshawn Mitchell,11/9/2020 15:12,11/9/2020 15:13,1915456320,1915456380
Deshawn Mitchell,11/9/2020 15:17,11/9/2020 15:35,1915456620,1915457700
Deshawn Mitchell,11/9/2020 14:54,11/9/2020 15:00,1915455240,1915455600
Deshawn Mitchell,11/9/2020 13:57,11/9/2020 14:54,1915451820,1915455240
Preston Robertson,11/9/2020 14:03,11/9/2020 17:16,1915452180,1915463760
Milo Crawford,11/9/2020 14:03,11/9/2020 17:36,1915452180,1915464960
Alannah Oliver,11/9/2020 14:42,11/9/2020 19:03,1915454520,1915470180
Marlene Lin,11/9/2020 17:32,11/9/2020 18:06,1915464720,1915466760
Marlene Lin,11/9/2020 14:09,11/9/2020 15:01,1915452540,1915455660
German Leonard,11/9/2020 18:01,11/9/2020 18:04,1915466460,1915466640
German Leonard,11/9/2020 13:28,11/9/2020 18:01,1915450080,1915466460
German Leonard,11/9/2020 18:04,11/9/2020 19:03,1915466640,1915470180
Leland Rasmussen,11/9/2020 13:57,11/9/2020 18:24,1915451820,1915467840
Judith Phelps,11/9/2020 14:15,11/9/2020 18:01,1915452900,1915466460
Judith Phelps,11/9/2020 18:01,11/9/2020 19:03,1915466460,1915470180
William Chen,11/9/2020 13:48,11/9/2020 19:03,1915451280,1915470180
Matthias Prince,11/9/2020 13:50,11/9/2020 19:03,1915451400,1915470180
Dylan Brown,11/9/2020 13:53,11/9/2020 16:03,1915451580,1915459380
Sam Robles,11/9/2020 15:24,11/9/2020 17:00,1915457040,1915462800
Sam Robles,11/9/2020 13:52,11/9/2020 15:09,1915451520,1915456140
Sam Robles,11/9/2020 15:13,11/9/2020 15:24,1915456380,1915457040
Sam Robles,11/9/2020 15:09,11/9/2020 15:13,1915456140,1915456380
Sam Robles,11/9/2020 17:00,11/9/2020 17:14,1915462800,1915463640
Sam Robles,11/9/2020 17:14,11/9/2020 17:18,1915463640,1915463880
Freddy Gilbert,11/9/2020 13:34,11/9/2020 18:57,1915450440,1915469820
Rishi Norris,11/9/2020 14:02,11/9/2020 16:36,1915452120,1915461360
Rishi Norris,11/9/2020 16:37,11/9/2020 18:18,1915461420,1915467480
Rishi Norris,11/9/2020 13:58,11/9/2020 14:02,1915451880,1915452120
Rishi Norris,11/9/2020 13:54,11/9/2020 13:58,1915451640,1915451880
Adison Lucas,11/9/2020 14:28,11/9/2020 18:08,1915453680,1915466880
Jayla Schmidt,11/9/2020 14:10,11/9/2020 15:06,1915452600,1915455960
Jayla Schmidt,11/9/2020 15:50,11/9/2020 16:26,1915458600,1915460760
Laci Best,11/9/2020 13:33,11/9/2020 18:02,1915450380,1915466520
Jane Watson,11/9/2020 14:20,11/9/2020 14:21,1915453200,1915453260
Jane Watson,11/9/2020 15:21,11/9/2020 15:41,1915456860,1915458060
Jane Watson,11/9/2020 15:01,11/9/2020 15:16,1915455660,1915456560
Ibrahim Norton,11/9/2020 13:29,11/9/2020 19:03,1915450140,1915470180
Lily Everett,11/9/2020 13:53,11/9/2020 18:16,1915451580,1915467360
Sariah Dorsey,11/9/2020 17:12,11/9/2020 17:59,1915463520,1915466340
Sariah Dorsey,11/9/2020 18:06,11/9/2020 18:10,1915466760,1915467000
Sariah Dorsey,11/9/2020 15:55,11/9/2020 17:12,1915458900,1915463520
Rose Wheeler,11/9/2020 16:25,11/9/2020 18:01,1915460700,1915466460
Rose Wheeler,11/9/2020 13:52,11/9/2020 15:01,1915451520,1915455660
Aditya Tyler,11/9/2020 13:55,11/9/2020 18:09,1915451700,1915466940
Dominick Ortega,11/9/2020 13:52,11/9/2020 15:01,1915451520,1915455660
Makenzie Sullivan,11/9/2020 13:59,11/9/2020 16:12,1915451940,1915459920
Parker Mendez,11/9/2020 17:13,11/9/2020 18:02,1915463580,1915466520
Parker Mendez,11/9/2020 13:21,11/9/2020 17:12,1915449660,1915463520
Yadiel Mata,11/9/2020 13:22,11/9/2020 14:16,1915449720,1915452960
Yadiel Mata,11/9/2020 14:24,11/9/2020 14:26,1915453440,1915453560
Joseph Navarro,11/9/2020 14:02,11/9/2020 18:12,1915452120,1915467120
Dawson Webster,11/9/2020 14:03,11/9/2020 15:03,1915452180,1915455780
Dawson Webster,11/9/2020 14:00,11/9/2020 14:03,1915452000,1915452180
Larry Grimes,11/9/2020 13:58,11/9/2020 19:03,1915451880,1915470180
Alice Duarte,11/9/2020 14:50,11/9/2020 18:29,1915455000,1915468140
Alice Duarte,11/9/2020 14:01,11/9/2020 14:48,1915452060,1915454880
Katherine Guzman,11/9/2020 13:50,11/9/2020 19:03,1915451400,1915470180
Kathryn Stafford,11/9/2020 13:49,11/9/2020 13:50,1915451340,1915451400
Kathryn Stafford,11/9/2020 13:50,11/9/2020 17:37,1915451400,1915465020
Mira Riddle,11/9/2020 13:58,11/9/2020 19:03,1915451880,1915470180
Gustavo Parker,11/9/2020 13:53,11/9/2020 15:55,1915451580,1915458900
Corinne Lester,11/9/2020 14:00,11/9/2020 14:33,1915452000,1915453980
Martha Valentine,11/9/2020 16:05,11/9/2020 16:05,1915459500,1915459500
Martha Valentine,11/9/2020 16:04,11/9/2020 17:11,1915459440,1915463460
Martha Valentine,11/9/2020 13:22,11/9/2020 13:23,1915449720,1915449780
Martha Valentine,11/9/2020 15:41,11/9/2020 16:04,1915458060,1915459440
Martha Valentine,11/9/2020 13:59,11/9/2020 15:01,1915451940,1915455660
Tanner Cross,11/9/2020 13:50,11/9/2020 17:29,1915451400,1915464540
Tanner Cross,11/9/2020 17:34,11/9/2020 18:22,1915464840,1915467720
Hallie Kaiser,11/9/2020 14:00,11/9/2020 18:02,1915452000,1915466520
Dwayne Logan,11/9/2020 13:56,11/9/2020 18:20,1915451760,1915467600
Hayden Hull,11/9/2020 14:01,11/9/2020 19:03,1915452060,1915470180
Ellie Mcmahon,11/9/2020 14:01,11/9/2020 19:03,1915452060,1915470180
Makayla Yang,11/9/2020 13:21,11/9/2020 18:05,1915449660,1915466700
Jamarcus Hart,11/9/2020 14:03,11/9/2020 14:05,1915452180,1915452300
Jamarcus Hart,11/9/2020 14:06,11/9/2020 17:58,1915452360,1915466280
Jamarcus Hart,11/9/2020 13:58,11/9/2020 14:03,1915451880,1915452180
Alannah Baird,11/9/2020 13:59,11/9/2020 17:18,1915451940,1915463880
Camila Blevins,11/9/2020 13:38,11/9/2020 18:08,1915450680,1915466880
Elisha Hicks,11/9/2020 14:23,11/9/2020 14:59,1915453380,1915455540
Elisha Hicks,11/9/2020 15:18,11/9/2020 16:01,1915456680,1915459260
Kayleigh Rodgers,11/9/2020 14:14,11/9/2020 14:24,1915452840,1915453440
Kayleigh Rodgers,11/9/2020 14:25,11/9/2020 14:30,1915453500,1915453800
Kayleigh Rodgers,11/9/2020 14:30,11/9/2020 15:38,1915453800,1915457880
Kayleigh Rodgers,11/9/2020 18:25,11/9/2020 19:03,1915467900,1915470180
Jamiya Davila,11/9/2020 15:15,11/9/2020 15:16,1915456500,1915456560
Jamiya Davila,11/9/2020 15:16,11/9/2020 15:17,1915456560,1915456620
Jamiya Davila,11/9/2020 16:28,11/9/2020 16:58,1915460880,1915462680
Jamiya Davila,11/9/2020 13:34,11/9/2020 14:03,1915450440,1915452180
Jamiya Davila,11/9/2020 14:03,11/9/2020 15:15,1915452180,1915456500
Jamiya Davila,11/9/2020 13:34,11/9/2020 13:34,1915450440,1915450440
Jamiya Davila,11/9/2020 15:18,11/9/2020 15:52,1915456680,1915458720
Ahmed Jensen,11/9/2020 15:17,11/9/2020 16:03,1915456620,1915459380
Carsen Ramirez,11/9/2020 13:47,11/9/2020 14:50,1915451220,1915455000
Jadiel Duncan,11/9/2020 15:27,11/9/2020 15:28,1915457220,1915457280
Jadiel Duncan,11/9/2020 15:29,11/9/2020 16:17,1915457340,1915460220
Jadiel Duncan,11/9/2020 14:00,11/9/2020 15:27,1915452000,1915457220
Jadiel Duncan,11/9/2020 17:17,11/9/2020 18:03,1915463820,1915466580
Hassan Howard,11/9/2020 15:12,11/9/2020 17:17,1915456320,1915463820
Veronica Lang,11/9/2020 13:51,11/9/2020 18:54,1915451460,1915469640
Alex Shah,11/9/2020 14:37,11/9/2020 14:58,1915454220,1915455480
Josephine Williamson,11/9/2020 13:54,11/9/2020 19:03,1915451640,1915470180
Valeria Moyer,11/9/2020 17:43,11/9/2020 19:03,1915465380,1915470180
Valeria Moyer,11/9/2020 14:01,11/9/2020 17:42,1915452060,1915465320
Marcus Roth,11/9/2020 13:54,11/9/2020 18:05,1915451640,1915466700
Milagros May,11/9/2020 15:25,11/9/2020 16:03,1915457100,1915459380
Milagros May,11/9/2020 16:27,11/9/2020 16:49,1915460820,1915462140
Milagros May,11/9/2020 16:49,11/9/2020 19:03,1915462140,1915470180
Giancarlo Mckee,11/9/2020 13:41,11/9/2020 17:17,1915450860,1915463820
Mila Patel,11/9/2020 17:31,11/9/2020 19:03,1915464660,1915470180
Mila Patel,11/9/2020 13:48,11/9/2020 14:59,1915451280,1915455540
Malia Mayer,11/9/2020 14:22,11/9/2020 17:11,1915453320,1915463460
Malia Mayer,11/9/2020 13:46,11/9/2020 13:47,1915451160,1915451220
German Washington,11/9/2020 14:53,11/9/2020 17:54,1915455180,1915466040
German Washington,11/9/2020 13:34,11/9/2020 13:35,1915450440,1915450500
German Washington,11/9/2020 13:36,11/9/2020 14:53,1915450560,1915455180
German Washington,11/9/2020 17:55,11/9/2020 18:03,1915466100,1915466580
Stanley Moreno,11/9/2020 13:51,11/9/2020 19:03,1915451460,1915470180
Elizabeth Mccarty,11/9/2020 13:59,11/9/2020 17:20,1915451940,1915464000
Celia Nichols,11/9/2020 13:52,11/9/2020 19:03,1915451520,1915470180
Clare Hicks,11/9/2020 13:32,11/9/2020 16:04,1915450320,1915459440
Clare Hicks,11/9/2020 16:04,11/9/2020 19:03,1915459440,1915470180
Lincoln Hernandez,11/9/2020 14:00,11/9/2020 14:57,1915452000,1915455420
Amani Hodge,11/9/2020 13:47,11/9/2020 13:50,1915451220,1915451400
Amani Hodge,11/9/2020 13:57,11/9/2020 17:16,1915451820,1915463760
Livia Fritz,11/9/2020 15:42,11/9/2020 18:12,1915458120,1915467120
Braylon Charles,11/9/2020 16:26,11/9/2020 17:54,1915460760,1915466040
Sharon Stephenson,11/9/2020 14:05,11/9/2020 18:02,1915452300,1915466520
Sharon Stephenson,11/9/2020 13:59,11/9/2020 14:03,1915451940,1915452180
Sharon Stephenson,11/9/2020 14:03,11/9/2020 14:05,1915452180,1915452300
Garrett Gibson,11/9/2020 13:48,11/9/2020 19:03,1915451280,1915470180
Cecelia Villegas,11/9/2020 13:55,11/9/2020 17:55,1915451700,1915466100
Destinee Blair,11/9/2020 13:52,11/9/2020 16:24,1915451520,1915460640
Emelia Cantrell,11/9/2020 13:21,11/9/2020 13:21,1915449660,1915449660
Emelia Cantrell,11/9/2020 13:23,11/9/2020 13:24,1915449780,1915449840
Emelia Cantrell,11/9/2020 13:39,11/9/2020 18:02,1915450740,1915466520
Marlon Buchanan,11/9/2020 13:49,11/9/2020 19:03,1915451340,1915470180
Scott Coleman,11/9/2020 14:03,11/9/2020 14:03,1915452180,1915452180
Scott Coleman,11/9/2020 14:03,11/9/2020 19:03,1915452180,1915470180
Scott Coleman,11/9/2020 13:59,11/9/2020 14:03,1915451940,1915452180
Caylee Rivas,11/9/2020 13:59,11/9/2020 15:01,1915451940,1915455660
Caylee Rivas,11/9/2020 16:31,11/9/2020 17:16,1915461060,1915463760
Terrence Fernandez,11/9/2020 13:52,11/9/2020 18:39,1915451520,1915468740
Lara Meadows,11/9/2020 13:52,11/9/2020 19:03,1915451520,1915470180
Perla Zamora,11/9/2020 14:12,11/9/2020 15:57,1915452720,1915459020
Kristin Dodson,11/9/2020 13:21,11/9/2020 19:03,1915449660,1915470180
Anthony Mcmillan,11/9/2020 13:48,11/9/2020 16:02,1915451280,1915459320
Anthony Mcmillan,11/9/2020 16:02,11/9/2020 19:03,1915459320,1915470180
Savion Swanson,11/9/2020 13:21,11/9/2020 18:42,1915449660,1915468920
Keyla Daugherty,11/9/2020 16:19,11/9/2020 17:17,1915460340,1915463820
Finley Martinez,11/9/2020 13:56,11/9/2020 17:55,1915451760,1915466100
Brennan Tyler,11/9/2020 13:34,11/9/2020 19:03,1915450440,1915470180
Atticus Rodriguez,11/9/2020 13:48,11/9/2020 19:03,1915451280,1915470180
Kristopher Ashley,11/9/2020 13:21,11/9/2020 18:30,1915449660,1915468200
Kaylen Adams,11/9/2020 14:01,11/9/2020 15:31,1915452060,1915457460
Kaylen Adams,11/9/2020 17:23,11/9/2020 19:03,1915464180,1915470180
Kaylen Adams,11/9/2020 15:32,11/9/2020 17:09,1915457520,1915463340
Cole Carey,11/9/2020 13:53,11/9/2020 16:35,1915451580,1915461300
Lilia Blackwell,11/9/2020 13:53,11/9/2020 17:51,1915451580,1915465860
Micah Reynolds,11/9/2020 14:06,11/9/2020 18:12,1915452360,1915467120
Trystan Rios,11/9/2020 13:46,11/9/2020 19:03,1915451160,1915470180
Jett Spence,11/9/2020 14:03,11/9/2020 17:16,1915452180,1915463760
Jett Spence,11/9/2020 14:00,11/9/2020 14:03,1915452000,1915452180
Jaslyn Chapman,11/10/2020 13:59,11/10/2020 18:04,1918043940,1918058640
Dalia Gentry,11/10/2020 14:02,11/10/2020 18:12,1918044120,1918059120
Braelyn Terrell,11/10/2020 14:03,11/10/2020 14:14,1918044180,1918044840
Braelyn Terrell,11/10/2020 14:17,11/10/2020 14:19,1918045020,1918045140
Braelyn Terrell,11/10/2020 14:14,11/10/2020 14:15,1918044840,1918044900
Braelyn Terrell,11/10/2020 14:15,11/10/2020 14:17,1918044900,1918045020
Braelyn Terrell,11/10/2020 14:19,11/10/2020 17:33,1918045140,1918056780
Kallie Weiss,11/10/2020 13:54,11/10/2020 18:12,1918043640,1918059120
Branson Rivas,11/10/2020 13:55,11/10/2020 18:12,1918043700,1918059120
Dalia Cooper,11/10/2020 13:57,11/10/2020 18:04,1918043820,1918058640
Walker Salazar,11/10/2020 13:43,11/10/2020 18:12,1918042980,1918059120
Brayden Sosa,11/10/2020 13:54,11/10/2020 17:33,1918043640,1918056780
Whitney Zhang,11/10/2020 16:13,11/10/2020 16:18,1918051980,1918052280
Zion Oconnor,11/10/2020 14:10,11/10/2020 18:12,1918044600,1918059120
Zion Oconnor,11/10/2020 13:41,11/10/2020 14:10,1918042860,1918044600
Taniya Frey,11/10/2020 13:54,11/10/2020 18:04,1918043640,1918058640
Selah Moreno,11/10/2020 13:56,11/10/2020 15:46,1918043760,1918050360
Selah Moreno,11/10/2020 16:58,11/10/2020 18:05,1918054680,1918058700
Guillermo Cherry,11/10/2020 17:04,11/10/2020 17:06,1918055040,1918055160
Guillermo Cherry,11/10/2020 15:36,11/10/2020 15:55,1918049760,1918050900
Guillermo Cherry,11/10/2020 14:03,11/10/2020 14:51,1918044180,1918047060
Makenna Hernandez,11/10/2020 14:01,11/10/2020 17:49,1918044060,1918057740
Fisher Casey,11/10/2020 17:08,11/10/2020 18:10,1918055280,1918059000
Fisher Casey,11/10/2020 13:57,11/10/2020 16:57,1918043820,1918054620
Jade Avila,11/10/2020 14:49,11/10/2020 18:08,1918046940,1918058880
Adrian Shah,11/10/2020 13:58,11/10/2020 18:05,1918043880,1918058700
Jaida Vasquez,11/10/2020 15:19,11/10/2020 18:04,1918048740,1918058640
Jaida Vasquez,11/10/2020 13:49,11/10/2020 15:15,1918043340,1918048500
Chaim Brooks,11/10/2020 14:29,11/10/2020 18:04,1918045740,1918058640
Janiya Rocha,11/10/2020 14:58,11/10/2020 15:00,1918047480,1918047600
Kaiya Cordova,11/10/2020 13:58,11/10/2020 14:41,1918043880,1918046460
Frida Ritter,11/10/2020 14:46,11/10/2020 18:12,1918046760,1918059120
Taylor David,11/10/2020 13:58,11/10/2020 17:57,1918043880,1918058220
Reyna Yang,11/10/2020 13:54,11/10/2020 18:04,1918043640,1918058640
Jordin Schroeder,11/10/2020 13:55,11/10/2020 14:58,1918043700,1918047480
Oliver Dean,11/10/2020 13:38,11/10/2020 18:03,1918042680,1918058580
Felipe Ross,11/10/2020 13:39,11/10/2020 18:05,1918042740,1918058700
Felipe Ross,11/10/2020 18:10,11/10/2020 18:10,1918059000,1918059000
Leonard Colon,11/10/2020 13:42,11/10/2020 17:33,1918042920,1918056780
Abigail Crane,11/10/2020 14:49,11/10/2020 18:07,1918046940,1918058820
Abigail Crane,11/10/2020 14:36,11/10/2020 14:41,1918046160,1918046460
Jesus Reynolds,11/10/2020 13:20,11/10/2020 18:06,1918041600,1918058760
Bianca Estrada,11/10/2020 13:37,11/10/2020 17:50,1918042620,1918057800
Bianca Estrada,11/10/2020 17:54,11/10/2020 18:12,1918058040,1918059120
Zaiden Middleton,11/10/2020 15:31,11/10/2020 15:59,1918049460,1918051140
Zaiden Middleton,11/10/2020 13:39,11/10/2020 13:48,1918042740,1918043280
Zaiden Middleton,11/10/2020 16:28,11/10/2020 18:12,1918052880,1918059120
Zaiden Middleton,11/10/2020 13:57,11/10/2020 15:15,1918043820,1918048500
Zaiden Middleton,11/10/2020 13:31,11/10/2020 13:34,1918042260,1918042440
Bailey Fuller,11/10/2020 13:32,11/10/2020 13:33,1918042320,1918042380
Bailey Fuller,11/10/2020 15:28,11/10/2020 18:12,1918049280,1918059120
Janae Hahn,11/10/2020 15:42,11/10/2020 16:15,1918050120,1918052100
Janae Hahn,11/10/2020 17:33,11/10/2020 17:41,1918056780,1918057260
Damion Key,11/10/2020 14:04,11/10/2020 14:35,1918044240,1918046100
Jessie Raymond,11/10/2020 16:59,11/10/2020 18:07,1918054740,1918058820
Scarlett Potter,11/10/2020 14:11,11/10/2020 14:11,1918044660,1918044660
Scarlett Potter,11/10/2020 17:17,11/10/2020 17:18,1918055820,1918055880
Elizabeth Bullock,11/10/2020 14:00,11/10/2020 15:17,1918044000,1918048620
Elizabeth Bullock,11/10/2020 16:16,11/10/2020 16:36,1918052160,1918053360
Cristal Boyle,11/10/2020 13:32,11/10/2020 18:08,1918042320,1918058880
Ruby Kent,11/10/2020 13:57,11/10/2020 17:07,1918043820,1918055220
Jolie Jensen,11/10/2020 13:49,11/10/2020 18:07,1918043340,1918058820
Ashanti Landry,11/10/2020 14:01,11/10/2020 17:54,1918044060,1918058040
Ashanti Landry,11/10/2020 17:54,11/10/2020 18:12,1918058040,1918059120
Karson Price,11/10/2020 14:00,11/10/2020 18:12,1918044000,1918059120
Regina Christian,11/10/2020 14:01,11/10/2020 14:50,1918044060,1918047000
Alejandra Reed,11/10/2020 13:53,11/10/2020 18:04,1918043580,1918058640
Brooke Figueroa,11/10/2020 14:03,11/10/2020 15:15,1918044180,1918048500
Brooke Figueroa,11/10/2020 17:44,11/10/2020 18:03,1918057440,1918058580
Brooke Figueroa,11/10/2020 15:49,11/10/2020 16:15,1918050540,1918052100
Brooke Figueroa,11/10/2020 17:42,11/10/2020 17:42,1918057320,1918057320
Brooke Figueroa,11/10/2020 16:28,11/10/2020 17:22,1918052880,1918056120
Keagan Payne,11/10/2020 13:51,11/10/2020 18:12,1918043460,1918059120
Evangeline Chen,11/10/2020 13:41,11/10/2020 18:06,1918042860,1918058760
Nadia Ho,11/10/2020 14:27,11/10/2020 14:33,1918045620,1918045980
Norah Reed,11/10/2020 14:07,11/10/2020 17:03,1918044420,1918054980
Armani Andrews,11/10/2020 18:04,11/10/2020 18:05,1918058640,1918058700
Aaliyah Price,11/10/2020 13:52,11/10/2020 18:05,1918043520,1918058700
Jaydan Gonzales,11/10/2020 14:08,11/10/2020 15:27,1918044480,1918049220
Alexzander Harrison,11/10/2020 15:26,11/10/2020 16:14,1918049160,1918052040
Alexzander Harrison,11/10/2020 13:55,11/10/2020 15:15,1918043700,1918048500
Teagan Garrison,11/10/2020 16:59,11/10/2020 17:29,1918054740,1918056540
Teagan Garrison,11/10/2020 16:06,11/10/2020 16:14,1918051560,1918052040
Teagan Garrison,11/10/2020 16:27,11/10/2020 16:36,1918052820,1918053360
Tristen Rocha,11/10/2020 14:15,11/10/2020 18:08,1918044900,1918058880
Jasmin Zavala,11/10/2020 15:48,11/10/2020 16:14,1918050480,1918052040
Kaiya Chung,11/10/2020 14:24,11/10/2020 18:12,1918045440,1918059120
Noelle Weber,11/10/2020 13:55,11/10/2020 15:15,1918043700,1918048500
Pierce Russell,11/10/2020 15:14,11/10/2020 16:07,1918048440,1918051620
Pierce Russell,11/10/2020 14:05,11/10/2020 14:14,1918044300,1918044840
Adolfo Boyle,11/10/2020 13:36,11/10/2020 18:05,1918042560,1918058700
Aedan Fischer,11/10/2020 14:00,11/10/2020 17:01,1918044000,1918054860
Aedan Fischer,11/10/2020 17:03,11/10/2020 18:04,1918054980,1918058640
Maggie Franco,11/10/2020 13:55,11/10/2020 18:06,1918043700,1918058760
Alisa Cline,11/10/2020 14:12,11/10/2020 15:59,1918044720,1918051140
Dorian Frank,11/10/2020 14:08,11/10/2020 14:15,1918044480,1918044900
Johan Woods,11/10/2020 13:40,11/10/2020 18:07,1918042800,1918058820
Aisha English,11/10/2020 13:59,11/10/2020 15:50,1918043940,1918050600
Maximus Greer,11/10/2020 13:48,11/10/2020 18:04,1918043280,1918058640
Brooks Long,11/10/2020 13:58,11/10/2020 18:12,1918043880,1918059120
Gerardo Baldwin,11/10/2020 15:14,11/10/2020 16:11,1918048440,1918051860
Gerardo Baldwin,11/10/2020 14:16,11/10/2020 14:57,1918044960,1918047420
Giancarlo Abbott,11/10/2020 14:09,11/10/2020 15:15,1918044540,1918048500
Giancarlo Abbott,11/10/2020 15:16,11/10/2020 17:38,1918048560,1918057080
Demarcus Boyd,11/10/2020 14:01,11/10/2020 15:14,1918044060,1918048440
Lyric Clarke,11/10/2020 13:57,11/10/2020 18:04,1918043820,1918058640
Amirah Thornton,11/10/2020 14:06,11/10/2020 14:38,1918044360,1918046280
Amirah Thornton,11/10/2020 15:08,11/10/2020 16:22,1918048080,1918052520
Amirah Thornton,11/10/2020 18:01,11/10/2020 18:04,1918058460,1918058640
Araceli Sampson,11/10/2020 14:20,11/10/2020 18:12,1918045200,1918059120
Sarahi Watts,11/10/2020 14:36,11/10/2020 16:23,1918046160,1918052580
Bridger Burton,11/10/2020 13:39,11/10/2020 18:12,1918042740,1918059120
Amina Washington,11/10/2020 13:45,11/10/2020 18:06,1918043100,1918058760
Desirae Terry,11/10/2020 14:21,11/10/2020 15:16,1918045260,1918048560
Sonny Roth,11/10/2020 13:57,11/10/2020 18:07,1918043820,1918058820
Jessie Lloyd,11/10/2020 14:05,11/10/2020 15:05,1918044300,1918047900
Tori Liu,11/10/2020 14:10,11/10/2020 18:12,1918044600,1918059120
German Higgins,11/10/2020 14:03,11/10/2020 14:55,1918044180,1918047300
Ricardo Lin,11/10/2020 13:39,11/10/2020 18:06,1918042740,1918058760
Yoselin Marshall,11/10/2020 13:54,11/10/2020 18:12,1918043640,1918059120
Alexis Cruz,11/10/2020 15:38,11/10/2020 18:04,1918049880,1918058640
Alexis Cruz,11/10/2020 13:55,11/10/2020 15:38,1918043700,1918049880
Emery Schmidt,11/10/2020 17:39,11/10/2020 18:05,1918057140,1918058700
Emery Schmidt,11/10/2020 14:05,11/10/2020 14:32,1918044300,1918045920
Emery Schmidt,11/10/2020 14:32,11/10/2020 14:44,1918045920,1918046640
Kane Hatfield,11/10/2020 13:32,11/10/2020 18:12,1918042320,1918059120
Alannah Wright,11/10/2020 13:57,11/10/2020 16:15,1918043820,1918052100
Alannah Wright,11/10/2020 17:34,11/10/2020 18:12,1918056840,1918059120
Zaid Clark,11/10/2020 15:32,11/10/2020 18:04,1918049520,1918058640
Zaid Clark,11/10/2020 13:45,11/10/2020 14:00,1918043100,1918044000
Zaid Clark,11/10/2020 14:01,11/10/2020 15:32,1918044060,1918049520
Melvin Vaughn,11/10/2020 14:00,11/10/2020 15:32,1918044000,1918049520
Melvin Vaughn,11/10/2020 16:34,11/10/2020 18:04,1918053240,1918058640
Meghan Ford,11/10/2020 13:55,11/10/2020 18:05,1918043700,1918058700
Leslie Fisher,11/10/2020 14:02,11/10/2020 18:05,1918044120,1918058700
Dayana Mcpherson,11/10/2020 14:34,11/10/2020 18:04,1918046040,1918058640
Colton Knapp,11/10/2020 14:04,11/10/2020 16:29,1918044240,1918052940
Colton Knapp,11/10/2020 16:30,11/10/2020 16:58,1918053000,1918054680
Braiden Nelson,11/10/2020 15:42,11/10/2020 16:26,1918050120,1918052760
Braiden Nelson,11/10/2020 17:05,11/10/2020 18:02,1918055100,1918058520
Amani Spencer,11/10/2020 13:42,11/10/2020 18:12,1918042920,1918059120
Kayden Hancock,11/10/2020 13:30,11/10/2020 18:11,1918042200,1918059060
Finley Graham,11/10/2020 13:42,11/10/2020 18:04,1918042920,1918058640
Kane Mack,11/10/2020 13:53,11/10/2020 18:07,1918043580,1918058820
Agustin Hogan,11/10/2020 14:38,11/10/2020 16:31,1918046280,1918053060
Brielle Davila,11/10/2020 13:55,11/10/2020 18:07,1918043700,1918058820
Jasmine Stafford,11/10/2020 13:58,11/10/2020 14:06,1918043880,1918044360
Jaylee Huber,11/10/2020 17:42,11/10/2020 18:05,1918057320,1918058700
Jaylee Huber,11/10/2020 15:18,11/10/2020 16:14,1918048680,1918052040
Dayana Fitzgerald,11/10/2020 13:54,11/10/2020 18:04,1918043640,1918058640
Tiffany Shields,11/10/2020 13:38,11/10/2020 18:09,1918042680,1918058940
Deshawn Mitchell,11/10/2020 14:31,11/10/2020 14:42,1918045860,1918046520
Preston Robertson,11/10/2020 14:01,11/10/2020 17:20,1918044060,1918056000
Milo Crawford,11/10/2020 14:15,11/10/2020 16:14,1918044900,1918052040
Alannah Oliver,11/10/2020 13:20,11/10/2020 15:02,1918041600,1918047720
German Leonard,11/10/2020 13:26,11/10/2020 15:17,1918041960,1918048620
German Leonard,11/10/2020 16:19,11/10/2020 18:08,1918052340,1918058880
Leland Rasmussen,11/10/2020 13:52,11/10/2020 18:05,1918043520,1918058700
Judith Phelps,11/10/2020 17:14,11/10/2020 18:04,1918055640,1918058640
Judith Phelps,11/10/2020 14:12,11/10/2020 16:15,1918044720,1918052100
Matthias Prince,11/10/2020 13:25,11/10/2020 18:08,1918041900,1918058880
Dylan Brown,11/10/2020 13:47,11/10/2020 15:19,1918043220,1918048740
Dylan Brown,11/10/2020 15:28,11/10/2020 15:44,1918049280,1918050240
Sam Robles,11/10/2020 13:54,11/10/2020 17:34,1918043640,1918056840
Sam Robles,11/10/2020 17:34,11/10/2020 17:35,1918056840,1918056900
Freddy Gilbert,11/10/2020 13:31,11/10/2020 13:43,1918042260,1918042980
Freddy Gilbert,11/10/2020 13:43,11/10/2020 16:15,1918042980,1918052100
Freddy Gilbert,11/10/2020 17:33,11/10/2020 18:12,1918056780,1918059120
Rishi Norris,11/10/2020 13:55,11/10/2020 14:32,1918043700,1918045920
Rishi Norris,11/10/2020 14:32,11/10/2020 18:04,1918045920,1918058640
Adison Lucas,11/10/2020 16:32,11/10/2020 17:32,1918053120,1918056720
Adison Lucas,11/10/2020 13:58,11/10/2020 15:25,1918043880,1918049100
Adison Lucas,11/10/2020 17:47,11/10/2020 18:04,1918057620,1918058640
Jayla Schmidt,11/10/2020 14:16,11/10/2020 15:16,1918044960,1918048560
Laci Best,11/10/2020 14:01,11/10/2020 18:09,1918044060,1918058940
Efrain Jordan,11/10/2020 13:52,11/10/2020 14:25,1918043520,1918045500
Ibrahim Norton,11/10/2020 13:21,11/10/2020 18:12,1918041660,1918059120
Lily Everett,11/10/2020 13:52,11/10/2020 16:57,1918043520,1918054620
Rose Wheeler,11/10/2020 13:58,11/10/2020 17:32,1918043880,1918056720
Aditya Tyler,11/10/2020 13:58,11/10/2020 14:34,1918043880,1918046040
Aditya Tyler,11/10/2020 14:54,11/10/2020 18:06,1918047240,1918058760
Dominick Ortega,11/10/2020 13:59,11/10/2020 14:25,1918043940,1918045500
Makenzie Sullivan,11/10/2020 16:19,11/10/2020 16:20,1918052340,1918052400
Makenzie Sullivan,11/10/2020 14:01,11/10/2020 14:32,1918044060,1918045920
Makenzie Sullivan,11/10/2020 14:32,11/10/2020 15:15,1918045920,1918048500
Makenzie Sullivan,11/10/2020 15:25,11/10/2020 16:14,1918049100,1918052040
Makenzie Sullivan,11/10/2020 16:27,11/10/2020 16:51,1918052820,1918054260
Parker Mendez,11/10/2020 13:35,11/10/2020 18:04,1918042500,1918058640
Joseph Navarro,11/10/2020 13:56,11/10/2020 18:03,1918043760,1918058580
Dawson Webster,11/10/2020 14:00,11/10/2020 15:19,1918044000,1918048740
Larry Grimes,11/10/2020 17:07,11/10/2020 18:04,1918055220,1918058640
Larry Grimes,11/10/2020 14:00,11/10/2020 16:24,1918044000,1918052640
Alice Duarte,11/10/2020 14:00,11/10/2020 17:31,1918044000,1918056660
Katherine Guzman,11/10/2020 13:57,11/10/2020 14:21,1918043820,1918045260
Katherine Guzman,11/10/2020 14:22,11/10/2020 15:58,1918045320,1918051080
Kathryn Stafford,11/10/2020 15:25,11/10/2020 17:32,1918049100,1918056720
Kathryn Stafford,11/10/2020 13:56,11/10/2020 15:15,1918043760,1918048500
Mira Riddle,11/10/2020 15:40,11/10/2020 18:12,1918050000,1918059120
Mira Riddle,11/10/2020 14:03,11/10/2020 15:36,1918044180,1918049760
Gustavo Parker,11/10/2020 13:54,11/10/2020 15:04,1918043640,1918047840
Abbigail Mcneil,11/10/2020 14:08,11/10/2020 16:04,1918044480,1918051440
Corinne Lester,11/10/2020 14:02,11/10/2020 14:38,1918044120,1918046280
Martha Valentine,11/10/2020 13:59,11/10/2020 15:15,1918043940,1918048500
Martha Valentine,11/10/2020 16:02,11/10/2020 17:08,1918051320,1918055280
Randy Mckay,11/10/2020 14:47,11/10/2020 16:20,1918046820,1918052400
Tanner Cross,11/10/2020 15:47,11/10/2020 18:12,1918050420,1918059120
Dwayne Logan,11/10/2020 14:00,11/10/2020 15:26,1918044000,1918049160
Hayden Hull,11/10/2020 16:04,11/10/2020 16:13,1918051440,1918051980
Hayden Hull,11/10/2020 17:20,11/10/2020 18:12,1918056000,1918059120
Hayden Hull,11/10/2020 13:59,11/10/2020 15:03,1918043940,1918047780
Ellie Mcmahon,11/10/2020 16:52,11/10/2020 18:01,1918054320,1918058460
Ellie Mcmahon,11/10/2020 14:31,11/10/2020 15:14,1918045860,1918048440
Makayla Yang,11/10/2020 13:59,11/10/2020 17:39,1918043940,1918057140
Alannah Baird,11/10/2020 14:26,11/10/2020 18:12,1918045560,1918059120
Camila Blevins,11/10/2020 13:40,11/10/2020 13:46,1918042800,1918043160
Camila Blevins,11/10/2020 13:46,11/10/2020 18:05,1918043160,1918058700
Kayleigh Rodgers,11/10/2020 17:14,11/10/2020 18:12,1918055640,1918059120
Kayleigh Rodgers,11/10/2020 14:05,11/10/2020 14:53,1918044300,1918047180
Kayleigh Rodgers,11/10/2020 15:36,11/10/2020 16:44,1918049760,1918053840
Kayleigh Rodgers,11/10/2020 15:03,11/10/2020 15:28,1918047780,1918049280
Jamiya Davila,11/10/2020 14:25,11/10/2020 16:15,1918045500,1918052100
Jadiel Duncan,11/10/2020 14:01,11/10/2020 18:09,1918044060,1918058940
Hassan Howard,11/10/2020 14:00,11/10/2020 17:34,1918044000,1918056840
Veronica Lang,11/10/2020 13:58,11/10/2020 18:05,1918043880,1918058700
Alex Shah,11/10/2020 13:56,11/10/2020 16:46,1918043760,1918053960
Cordell Turner,11/10/2020 13:51,11/10/2020 15:55,1918043460,1918050900
Josephine Williamson,11/10/2020 14:29,11/10/2020 18:09,1918045740,1918058940
Valeria Moyer,11/10/2020 14:00,11/10/2020 18:12,1918044000,1918059120
Marcus Roth,11/10/2020 13:53,11/10/2020 16:45,1918043580,1918053900
Jordyn Burke,11/10/2020 13:46,11/10/2020 13:51,1918043160,1918043460
Jordyn Burke,11/10/2020 13:51,11/10/2020 14:51,1918043460,1918047060
Milagros May,11/10/2020 15:46,11/10/2020 18:12,1918050360,1918059120
Giancarlo Mckee,11/10/2020 13:37,11/10/2020 18:06,1918042620,1918058760
Mila Patel,11/10/2020 13:57,11/10/2020 16:26,1918043820,1918052760
Mila Patel,11/10/2020 17:53,11/10/2020 18:12,1918057980,1918059120
Malia Mayer,11/10/2020 14:05,11/10/2020 18:12,1918044300,1918059120
German Washington,11/10/2020 13:44,11/10/2020 16:20,1918043040,1918052400
Stanley Moreno,11/10/2020 13:46,11/10/2020 18:04,1918043160,1918058640
Elizabeth Mccarty,11/10/2020 14:03,11/10/2020 17:34,1918044180,1918056840
Celia Nichols,11/10/2020 14:06,11/10/2020 18:11,1918044360,1918059060
Clare Hicks,11/10/2020 13:38,11/10/2020 18:04,1918042680,1918058640
Amani Hodge,11/10/2020 13:59,11/10/2020 14:02,1918043940,1918044120
Amani Hodge,11/10/2020 14:02,11/10/2020 18:12,1918044120,1918059120
Braylon Charles,11/10/2020 13:53,11/10/2020 18:04,1918043580,1918058640
Sharon Stephenson,11/10/2020 13:53,11/10/2020 17:08,1918043580,1918055280
Garrett Gibson,11/10/2020 13:57,11/10/2020 17:33,1918043820,1918056780
Cecelia Villegas,11/10/2020 14:09,11/10/2020 17:18,1918044540,1918055880
Gunnar Blanchard,11/10/2020 13:59,11/10/2020 18:04,1918043940,1918058640
Destinee Blair,11/10/2020 14:02,11/10/2020 16:12,1918044120,1918051920
Emelia Cantrell,11/10/2020 13:31,11/10/2020 18:04,1918042260,1918058640
Scott Coleman,11/10/2020 14:01,11/10/2020 18:05,1918044060,1918058700
Scott Coleman,11/10/2020 13:53,11/10/2020 14:00,1918043580,1918044000
Caylee Rivas,11/10/2020 13:55,11/10/2020 15:15,1918043700,1918048500
Terrence Fernandez,11/10/2020 13:58,11/10/2020 18:12,1918043880,1918059120
Lara Meadows,11/10/2020 13:52,11/10/2020 13:55,1918043520,1918043700
Lara Meadows,11/10/2020 14:03,11/10/2020 18:05,1918044180,1918058700
Kristin Dodson,11/10/2020 15:46,11/10/2020 15:48,1918050360,1918050480
Anthony Mcmillan,11/10/2020 13:52,11/10/2020 18:12,1918043520,1918059120
Savion Swanson,11/10/2020 13:49,11/10/2020 18:06,1918043340,1918058760
Finley Martinez,11/10/2020 14:06,11/10/2020 16:20,1918044360,1918052400
Finley Martinez,11/10/2020 16:23,11/10/2020 18:07,1918052580,1918058820
Brennan Tyler,11/10/2020 13:40,11/10/2020 13:42,1918042800,1918042920
Brennan Tyler,11/10/2020 13:44,11/10/2020 18:07,1918043040,1918058820
Atticus Rodriguez,11/10/2020 13:45,11/10/2020 18:12,1918043100,1918059120
Kristopher Ashley,11/10/2020 13:47,11/10/2020 18:04,1918043220,1918058640
Kaylen Adams,11/10/2020 16:41,11/10/2020 18:04,1918053660,1918058640
Kaylen Adams,11/10/2020 13:59,11/10/2020 14:51,1918043940,1918047060
Cole Carey,11/10/2020 13:59,11/10/2020 17:19,1918043940,1918055940
Lilia Blackwell,11/10/2020 13:48,11/10/2020 17:35,1918043280,1918056900
Micah Reynolds,11/10/2020 16:26,11/10/2020 18:12,1918052760,1918059120
Trystan Rios,11/10/2020 13:43,11/10/2020 18:04,1918042980,1918058640
Jett Spence,11/10/2020 14:00,11/10/2020 15:32,1918044000,1918049520
Dominick Ramsey,11/8/2021 13:57,11/8/2021 14:03,1944309420,1944309780
Dominick Ramsey,11/8/2021 14:04,11/8/2021 16:39,1944309840,1944319140
Pierce Reid,11/8/2021 13:53,11/8/2021 18:45,1944309180,1944326700
Kadin Gentry,11/8/2021 13:54,11/8/2021 15:18,1944309240,1944314280
Caylee Rivas,11/8/2021 13:58,11/8/2021 15:17,1944309480,1944314220
Vivian Sparks,11/8/2021 13:57,11/8/2021 17:05,1944309420,1944320700
Lorenzo Werner,11/8/2021 13:52,11/8/2021 18:13,1944309120,1944324780
Lorenzo Werner,11/8/2021 18:13,11/8/2021 18:53,1944324780,1944327180
Jolie Jensen,11/8/2021 13:54,11/8/2021 18:53,1944309240,1944327180
Finn Holt,11/8/2021 13:57,11/8/2021 18:08,1944309420,1944324480
Dayami Howard,11/8/2021 16:23,11/8/2021 16:25,1944318180,1944318300
Savion Swanson,11/8/2021 13:46,11/8/2021 18:46,1944308760,1944326760
Brogan Fleming,11/8/2021 14:23,11/8/2021 14:48,1944310980,1944312480
Korbin Blankenship,11/8/2021 14:14,11/8/2021 18:46,1944310440,1944326760
Marlon Buchanan,11/8/2021 13:55,11/8/2021 18:45,1944309300,1944326700
Zayne Christian,11/8/2021 13:58,11/8/2021 15:17,1944309480,1944314220
Kallie Weiss,11/8/2021 14:00,11/8/2021 15:20,1944309600,1944314400
Kenyon Cannon,11/8/2021 13:56,11/8/2021 17:36,1944309360,1944322560
Dalia Cooper,11/8/2021 17:40,11/8/2021 18:45,1944322800,1944326700
Dalia Cooper,11/8/2021 13:50,11/8/2021 17:27,1944309000,1944322020
Dalia Cooper,11/8/2021 17:28,11/8/2021 17:39,1944322080,1944322740
Veronica Lang,11/8/2021 13:47,11/8/2021 18:45,1944308820,1944326700
Mila Patel,11/8/2021 13:52,11/8/2021 18:45,1944309120,1944326700
Adyson Cohen,11/8/2021 14:00,11/8/2021 14:49,1944309600,1944312540
Mohamed Hammond,11/8/2021 16:44,11/8/2021 17:13,1944319440,1944321180
Braylon Charles,11/8/2021 13:54,11/8/2021 17:08,1944309240,1944320880
Bianca Estrada,11/8/2021 13:40,11/8/2021 18:45,1944308400,1944326700
Teagan Garrison,11/8/2021 16:07,11/8/2021 16:28,1944317220,1944318480
Finley Graham,11/8/2021 15:51,11/8/2021 16:18,1944316260,1944317880
Finley Graham,11/8/2021 16:23,11/8/2021 18:53,1944318180,1944327180
Valeria Moyer,11/8/2021 13:59,11/8/2021 18:47,1944309540,1944326820
Billy Acosta,11/8/2021 15:43,11/8/2021 16:01,1944315780,1944316860
Billy Acosta,11/8/2021 14:54,11/8/2021 15:17,1944312840,1944314220
Billy Acosta,11/8/2021 16:04,11/8/2021 16:36,1944317040,1944318960
Celia Nichols,11/8/2021 13:59,11/8/2021 18:45,1944309540,1944326700
German Leonard,11/8/2021 13:40,11/8/2021 18:44,1944308400,1944326640
Lyric Clarke,11/8/2021 14:01,11/8/2021 17:30,1944309660,1944322200
Taylor David,11/8/2021 13:43,11/8/2021 18:53,1944308580,1944327180
Maggie Moon,11/8/2021 16:33,11/8/2021 17:03,1944318780,1944320580
Maggie Moon,11/8/2021 17:03,11/8/2021 17:52,1944320580,1944323520
Maggie Moon,11/8/2021 14:37,11/8/2021 14:40,1944311820,1944312000
Maggie Moon,11/8/2021 14:52,11/8/2021 15:08,1944312720,1944313680
Antonio Hurley,11/8/2021 17:41,11/8/2021 18:27,1944322860,1944325620
Kathleen Jacobson,11/8/2021 15:35,11/8/2021 16:17,1944315300,1944317820
Payten Graham,11/8/2021 13:49,11/8/2021 18:43,1944308940,1944326580
Sean Blackburn,11/8/2021 13:51,11/8/2021 14:49,1944309060,1944312540
Britney Harrington,11/8/2021 15:15,11/8/2021 15:15,1944314100,1944314100
Britney Harrington,11/8/2021 15:15,11/8/2021 16:19,1944314100,1944317940
Preston Robertson,11/8/2021 14:00,11/8/2021 17:04,1944309600,1944320640
Jada Snyder,11/8/2021 14:00,11/8/2021 15:19,1944309600,1944314340
Stanley Richards,11/8/2021 15:06,11/8/2021 15:31,1944313560,1944315060
Justus Gaines,11/8/2021 13:59,11/8/2021 18:45,1944309540,1944326700
Zachariah Mcclure,11/8/2021 13:45,11/8/2021 18:45,1944308700,1944326700
Ibrahim Norton,11/8/2021 13:39,11/8/2021 18:48,1944308340,1944326880
Terrell Kramer,11/8/2021 16:43,11/8/2021 17:36,1944319380,1944322560
Kane Hatfield,11/8/2021 16:43,11/8/2021 18:00,1944319380,1944324000
Kane Hatfield,11/8/2021 18:15,11/8/2021 18:46,1944324900,1944326760
Lawrence Barr,11/8/2021 13:39,11/8/2021 15:46,1944308340,1944315960
Norah Reed,11/8/2021 14:02,11/8/2021 18:48,1944309720,1944326880
Benjamin Dalton,11/8/2021 14:26,11/8/2021 14:30,1944311160,1944311400
Alice Duarte,11/8/2021 14:00,11/8/2021 18:44,1944309600,1944326640
Cooper Osborne,11/8/2021 15:29,11/8/2021 15:30,1944314940,1944315000
Cooper Osborne,11/8/2021 16:43,11/8/2021 17:07,1944319380,1944320820
Braiden Nelson,11/8/2021 15:49,11/8/2021 18:50,1944316140,1944327000
German Higgins,11/8/2021 13:54,11/8/2021 18:45,1944309240,1944326700
Deangelo Cooke,11/8/2021 17:55,11/8/2021 18:46,1944323700,1944326760
Ava Preston,11/8/2021 13:56,11/8/2021 13:56,1944309360,1944309360
Ava Preston,11/8/2021 13:57,11/8/2021 18:45,1944309420,1944326700
Hayden Hull,11/8/2021 14:00,11/8/2021 14:01,1944309600,1944309660
Hayden Hull,11/8/2021 14:01,11/8/2021 18:45,1944309660,1944326700
Julia Winters,11/8/2021 13:40,11/8/2021 16:47,1944308400,1944319620
Julia Winters,11/8/2021 13:53,11/8/2021 16:42,1944309180,1944319320
Julia Winters,11/8/2021 16:44,11/8/2021 18:45,1944319440,1944326700
Trent Tate,11/8/2021 13:53,11/8/2021 13:56,1944309180,1944309360
Trent Tate,11/8/2021 13:57,11/8/2021 17:28,1944309420,1944322080
Kristopher Horn,11/8/2021 13:44,11/8/2021 14:58,1944308640,1944313080
Matthias Prince,11/8/2021 13:43,11/8/2021 18:46,1944308580,1944326760
Samson Brock,11/8/2021 13:57,11/8/2021 15:29,1944309420,1944314940
Samson Brock,11/8/2021 15:33,11/8/2021 18:48,1944315180,1944326880
Samson Brock,11/8/2021 16:04,11/8/2021 16:07,1944317040,1944317220
Maggie Franco,11/8/2021 13:53,11/8/2021 15:25,1944309180,1944314700
Enzo Kidd,11/8/2021 13:55,11/8/2021 18:46,1944309300,1944326760
Aaliyah Price,11/8/2021 14:13,11/8/2021 14:13,1944310380,1944310380
Aaliyah Price,11/8/2021 14:14,11/8/2021 14:15,1944310440,1944310500
Parker Mendez,11/8/2021 13:45,11/8/2021 17:06,1944308700,1944320760
Parker Mendez,11/8/2021 17:07,11/8/2021 18:45,1944320820,1944326700
Zoe Bright,11/8/2021 14:26,11/8/2021 15:33,1944311160,1944315180
Jaliyah Andrade,11/8/2021 13:57,11/8/2021 16:46,1944309420,1944319560
Jaliyah Andrade,11/8/2021 16:46,11/8/2021 17:04,1944319560,1944320640
Jaliyah Andrade,11/8/2021 17:04,11/8/2021 17:10,1944320640,1944321000
Jaliyah Andrade,11/8/2021 17:10,11/8/2021 17:10,1944321000,1944321000
Jaliyah Andrade,11/8/2021 17:10,11/8/2021 17:21,1944321000,1944321660
Jaliyah Andrade,11/8/2021 17:21,11/8/2021 17:21,1944321660,1944321660
Jaliyah Andrade,11/8/2021 17:21,11/8/2021 17:54,1944321660,1944323640
Jaliyah Andrade,11/8/2021 17:54,11/8/2021 17:54,1944323640,1944323640
Jaliyah Andrade,11/8/2021 17:54,11/8/2021 18:47,1944323640,1944326820
Jaliyah Andrade,11/8/2021 17:04,11/8/2021 17:04,1944320640,1944320640
Odin Gallagher,11/8/2021 16:04,11/8/2021 16:36,1944317040,1944318960
Odin Gallagher,11/8/2021 14:01,11/8/2021 15:17,1944309660,1944314220
Camila Blevins,11/8/2021 13:55,11/8/2021 18:45,1944309300,1944326700
Stanley Moreno,11/8/2021 13:58,11/8/2021 15:20,1944309480,1944314400
Stanley Moreno,11/8/2021 17:44,11/8/2021 18:45,1944323040,1944326700
Amani Spencer,11/8/2021 13:55,11/8/2021 18:47,1944309300,1944326820
Laney Hammond,11/8/2021 14:08,11/8/2021 18:46,1944310080,1944326760
Katherine Guzman,11/8/2021 18:28,11/8/2021 18:45,1944325680,1944326700
Katherine Guzman,11/8/2021 18:22,11/8/2021 18:28,1944325320,1944325680
Katherine Guzman,11/8/2021 14:00,11/8/2021 18:14,1944309600,1944324840
Meadow Henderson,11/8/2021 16:23,11/8/2021 17:59,1944318180,1944323940
Dahlia Liu,11/8/2021 16:16,11/8/2021 16:18,1944317760,1944317880
Noelle Sosa,11/8/2021 13:49,11/8/2021 13:58,1944308940,1944309480
Ashly Ellison,11/8/2021 14:08,11/8/2021 17:36,1944310080,1944322560
Pierce Russell,11/8/2021 13:56,11/8/2021 17:18,1944309360,1944321480
Corinne Cherry,11/8/2021 13:55,11/8/2021 18:47,1944309300,1944326820
Damion Key,11/8/2021 13:55,11/8/2021 15:01,1944309300,1944313260
Elyse Riddle,11/8/2021 18:20,11/8/2021 18:45,1944325200,1944326700
Cole Carey,11/8/2021 13:47,11/8/2021 18:45,1944308820,1944326700
Aniya Ramsey,11/8/2021 14:20,11/8/2021 16:10,1944310800,1944317400
Marissa Vargas,11/8/2021 18:24,11/8/2021 18:44,1944325440,1944326640
Marissa Vargas,11/8/2021 18:45,11/8/2021 18:53,1944326700,1944327180
Marissa Vargas,11/8/2021 13:45,11/8/2021 13:56,1944308700,1944309360
Marissa Vargas,11/8/2021 18:02,11/8/2021 18:06,1944324120,1944324360
Marissa Vargas,11/8/2021 18:06,11/8/2021 18:11,1944324360,1944324660
Marissa Vargas,11/8/2021 18:11,11/8/2021 18:12,1944324660,1944324720
Marissa Vargas,11/8/2021 18:12,11/8/2021 18:24,1944324720,1944325440
Marissa Vargas,11/8/2021 15:54,11/8/2021 18:01,1944316440,1944324060
Laney Barrett,11/8/2021 15:21,11/8/2021 16:02,1944314460,1944316920
Zaria Matthews,11/8/2021 16:12,11/8/2021 16:25,1944317520,1944318300
Jazmin Gentry,11/8/2021 14:11,11/8/2021 14:29,1944310260,1944311340
Jazmin Gentry,11/8/2021 14:56,11/8/2021 16:16,1944312960,1944317760
Jazmin Gentry,11/8/2021 16:15,11/8/2021 17:21,1944317700,1944321660
Carly Faulkner,11/8/2021 14:00,11/8/2021 14:48,1944309600,1944312480
Yoselin Marshall,11/8/2021 17:21,11/8/2021 18:45,1944321660,1944326700
Kaleb Salinas,11/8/2021 14:07,11/8/2021 15:58,1944310020,1944316680
Makayla Yang,11/8/2021 18:25,11/8/2021 18:45,1944325500,1944326700
Makayla Yang,11/8/2021 14:00,11/8/2021 18:44,1944309600,1944326640
Trystan Rios,11/8/2021 13:48,11/8/2021 18:45,1944308880,1944326700
Adeline Suarez,11/8/2021 14:01,11/8/2021 14:18,1944309660,1944310680
Kara Yu,11/8/2021 13:56,11/8/2021 14:25,1944309360,1944311100
Kara Yu,11/8/2021 15:09,11/8/2021 17:31,1944313740,1944322260
Tristen Rocha,11/8/2021 13:51,11/8/2021 15:00,1944309060,1944313200
Tristen Rocha,11/8/2021 16:56,11/8/2021 18:45,1944320160,1944326700
Walker Salazar,11/8/2021 13:57,11/8/2021 16:53,1944309420,1944319980
Walker Salazar,11/8/2021 18:11,11/8/2021 18:45,1944324660,1944326700
Alaina Miller,11/8/2021 18:05,11/8/2021 18:53,1944324300,1944327180
Alaina Miller,11/8/2021 15:11,11/8/2021 18:05,1944313860,1944324300
Regina Christian,11/8/2021 16:45,11/8/2021 17:29,1944319500,1944322140
Regina Christian,11/8/2021 14:10,11/8/2021 16:26,1944310200,1944318360
Audrey Mcmillan,11/8/2021 13:45,11/8/2021 15:16,1944308700,1944314160
Audrey Mcmillan,11/8/2021 15:46,11/8/2021 18:45,1944315960,1944326700
Rayne Ramos,11/8/2021 17:32,11/8/2021 18:36,1944322320,1944326160
Rayne Ramos,11/8/2021 15:13,11/8/2021 16:51,1944313980,1944319860
Nathen Buck,11/8/2021 15:49,11/8/2021 18:50,1944316140,1944327000
Garrett Gibson,11/8/2021 13:43,11/8/2021 18:41,1944308580,1944326460
Aisha English,11/8/2021 13:52,11/8/2021 18:45,1944309120,1944326700
Sidney Alvarez,11/8/2021 13:55,11/8/2021 15:42,1944309300,1944315720
Jennifer English,11/8/2021 13:54,11/8/2021 15:48,1944309240,1944316080
Jennifer English,11/8/2021 15:48,11/8/2021 18:47,1944316080,1944326820
Aubree Elliott,11/8/2021 14:51,11/8/2021 18:46,1944312660,1944326760
Selah Moreno,11/8/2021 13:59,11/8/2021 17:40,1944309540,1944322800
Teresa Leach,11/8/2021 13:51,11/8/2021 18:49,1944309060,1944326940
Alannah Wright,11/8/2021 13:56,11/8/2021 18:47,1944309360,1944326820
Gretchen Mueller,11/8/2021 15:11,11/8/2021 16:20,1944313860,1944318000
Tristin Spears,11/8/2021 17:52,11/8/2021 18:47,1944323520,1944326820
Kane Mack,11/8/2021 13:54,11/8/2021 18:45,1944309240,1944326700
Taniya Frey,11/8/2021 13:56,11/8/2021 18:46,1944309360,1944326760
Eileen Krause,11/8/2021 14:52,11/8/2021 18:53,1944312720,1944327180
Damaris Barron,11/8/2021 13:39,11/8/2021 17:37,1944308340,1944322620
Josephine Williamson,11/8/2021 14:00,11/8/2021 18:50,1944309600,1944327000
Branson Rivas,11/8/2021 13:41,11/8/2021 17:35,1944308460,1944322500
Branson Rivas,11/8/2021 17:44,11/8/2021 17:45,1944323040,1944323100
Branson Rivas,11/8/2021 17:46,11/8/2021 18:45,1944323160,1944326700
Zander Lewis,11/8/2021 14:08,11/8/2021 18:46,1944310080,1944326760
Bernard Coleman,11/8/2021 13:59,11/8/2021 18:45,1944309540,1944326700
Bernard Coleman,11/8/2021 14:03,11/8/2021 18:53,1944309780,1944327180
Abbigail Harding,11/8/2021 13:59,11/8/2021 18:45,1944309540,1944326700
Keyla Daugherty,11/8/2021 14:03,11/8/2021 14:05,1944309780,1944309900
Keyla Daugherty,11/8/2021 14:05,11/8/2021 14:50,1944309900,1944312600
Kayden Hancock,11/8/2021 13:39,11/8/2021 18:47,1944308340,1944326820
Kaiya Cordova,11/8/2021 14:00,11/8/2021 17:25,1944309600,1944321900
Jamarcus Hart,11/8/2021 13:57,11/8/2021 18:53,1944309420,1944327180
Nicolas Maddox,11/8/2021 14:02,11/8/2021 18:53,1944309720,1944327180
Hadassah Lowery,11/8/2021 13:39,11/8/2021 16:10,1944308340,1944317400
Adalyn Gonzalez,11/8/2021 13:55,11/8/2021 18:48,1944309300,1944326880
Marisol Rasmussen,11/8/2021 13:40,11/8/2021 18:49,1944308400,1944326940
Rishi Norris,11/8/2021 13:59,11/8/2021 18:46,1944309540,1944326760
Rishi Norris,11/8/2021 17:06,11/8/2021 17:35,1944320760,1944322500
Rishi Norris,11/8/2021 17:36,11/8/2021 17:54,1944322560,1944323640
Rishi Norris,11/8/2021 17:55,11/8/2021 18:17,1944323700,1944325020
Tamia Morgan,11/8/2021 16:28,11/8/2021 16:58,1944318480,1944320280
Jaylee Estes,11/8/2021 13:40,11/8/2021 18:45,1944308400,1944326700
Jaylee Estes,11/8/2021 15:05,11/8/2021 15:22,1944313500,1944314520
Jaylee Estes,11/8/2021 16:37,11/8/2021 16:47,1944319020,1944319620
Jaylee Estes,11/8/2021 16:14,11/8/2021 16:18,1944317640,1944317880
Jaylee Estes,11/8/2021 16:25,11/8/2021 16:29,1944318300,1944318540
Jaylee Estes,11/8/2021 16:57,11/8/2021 17:01,1944320220,1944320460
Jaylee Estes,11/8/2021 17:04,11/8/2021 17:05,1944320640,1944320700
Delaney Horne,11/8/2021 13:45,11/8/2021 18:45,1944308700,1944326700
Jayla Schmidt,11/8/2021 13:42,11/8/2021 17:41,1944308520,1944322860
Felipe Ross,11/8/2021 13:39,11/8/2021 13:40,1944308340,1944308400
London Savage,11/8/2021 16:31,11/8/2021 18:45,1944318660,1944326700
London Savage,11/8/2021 14:15,11/8/2021 14:55,1944310500,1944312900
London Savage,11/8/2021 14:58,11/8/2021 15:17,1944313080,1944314220
Tianna Rhodes,11/8/2021 13:41,11/8/2021 16:38,1944308460,1944319080
Keagan Payne,11/8/2021 13:59,11/8/2021 16:36,1944309540,1944318960
Evangeline Chen,11/8/2021 13:39,11/8/2021 15:42,1944308340,1944315720
Evangeline Chen,11/8/2021 15:34,11/8/2021 15:35,1944315240,1944315300
Evangeline Chen,11/8/2021 15:42,11/8/2021 18:53,1944315720,1944327180
Bethany Brennan,11/8/2021 13:57,11/8/2021 17:53,1944309420,1944323580
Blaze Ewing,11/8/2021 17:40,11/8/2021 17:43,1944322800,1944322980
Aedan Fischer,11/8/2021 13:56,11/8/2021 17:56,1944309360,1944323760
Aedan Fischer,11/8/2021 18:04,11/8/2021 18:53,1944324240,1944327180
Gunner Wilkins,11/8/2021 13:58,11/8/2021 13:59,1944309480,1944309540
Gunner Wilkins,11/8/2021 15:35,11/8/2021 16:22,1944315300,1944318120
Gunner Wilkins,11/8/2021 16:32,11/8/2021 16:37,1944318720,1944319020
Gunner Wilkins,11/8/2021 16:56,11/8/2021 18:45,1944320160,1944326700
Sage Carrillo,11/8/2021 16:18,11/8/2021 18:47,1944317880,1944326820
Scarlett Merritt,11/8/2021 16:19,11/8/2021 17:36,1944317940,1944322560
Scarlett Merritt,11/8/2021 14:45,11/8/2021 16:36,1944312300,1944318960
Scarlett Merritt,11/8/2021 16:06,11/8/2021 16:21,1944317160,1944318060
Clare Hicks,11/8/2021 13:42,11/8/2021 18:45,1944308520,1944326700
Tristin Heath,11/8/2021 15:38,11/8/2021 18:53,1944315480,1944327180
Tristin Heath,11/8/2021 14:06,11/8/2021 14:14,1944309960,1944310440
Tristin Heath,11/8/2021 14:15,11/8/2021 14:28,1944310500,1944311280
Tristin Heath,11/8/2021 14:28,11/8/2021 14:58,1944311280,1944313080
Alexis Cruz,11/8/2021 13:58,11/8/2021 18:45,1944309480,1944326700
Simone Compton,11/8/2021 13:39,11/8/2021 16:36,1944308340,1944318960
Lailah Bradshaw,11/8/2021 17:01,11/8/2021 17:35,1944320460,1944322500
Gerardo Baldwin,11/8/2021 14:00,11/8/2021 18:46,1944309600,1944326760
Davin Preston,11/8/2021 14:53,11/8/2021 18:46,1944312780,1944326760
Atticus Rodriguez,11/8/2021 13:41,11/8/2021 18:53,1944308460,1944327180
Amani Hodge,11/8/2021 13:52,11/8/2021 18:45,1944309120,1944326700
Noelle Weber,11/8/2021 14:35,11/8/2021 15:22,1944311700,1944314520
Casey Gonzales,11/8/2021 13:51,11/8/2021 18:46,1944309060,1944326760
Cannon Krueger,11/8/2021 14:02,11/8/2021 15:00,1944309720,1944313200
Jasmin Zavala,11/8/2021 13:50,11/8/2021 16:36,1944309000,1944318960
Jasmin Zavala,11/8/2021 17:33,11/8/2021 18:46,1944322380,1944326760
Alannah Oliver,11/8/2021 14:01,11/8/2021 15:10,1944309660,1944313800
Alannah Oliver,11/8/2021 14:19,11/8/2021 14:20,1944310740,1944310800
Ashanti Landry,11/8/2021 17:33,11/8/2021 18:53,1944322380,1944327180
Ashanti Landry,11/8/2021 14:09,11/8/2021 14:10,1944310140,1944310200
Ashanti Landry,11/8/2021 14:10,11/8/2021 17:30,1944310200,1944322200
Alannah Downs,11/8/2021 16:03,11/8/2021 16:38,1944316980,1944319080
Alannah Downs,11/8/2021 14:00,11/8/2021 14:47,1944309600,1944312420
Alannah Downs,11/8/2021 14:47,11/8/2021 15:36,1944312420,1944315360
Gilbert Salas,11/8/2021 13:57,11/8/2021 18:46,1944309420,1944326760
Kylee Decker,11/8/2021 13:59,11/8/2021 14:02,1944309540,1944309720
Kylee Decker,11/8/2021 15:30,11/8/2021 16:26,1944315000,1944318360
Kylee Decker,11/8/2021 16:40,11/8/2021 17:36,1944319200,1944322560
Kylee Decker,11/8/2021 17:45,11/8/2021 18:45,1944323100,1944326700
Kylee Decker,11/8/2021 14:03,11/8/2021 15:04,1944309780,1944313440
Zion Oconnor,11/8/2021 13:45,11/8/2021 15:50,1944308700,1944316200
Zion Oconnor,11/8/2021 18:27,11/8/2021 18:32,1944325620,1944325920
Azul Hopkins,11/8/2021 13:45,11/8/2021 18:42,1944308700,1944326520
Erin Werner,11/8/2021 13:54,11/8/2021 13:55,1944309240,1944309300
Sonny Roth,11/8/2021 18:08,11/8/2021 18:44,1944324480,1944326640
Sonny Roth,11/8/2021 14:07,11/8/2021 17:23,1944310020,1944321780
Brennan Tyler,11/8/2021 13:39,11/8/2021 18:49,1944308340,1944326940
Madelyn Pugh,11/8/2021 14:00,11/8/2021 18:46,1944309600,1944326760
Raegan Wade,11/8/2021 13:57,11/8/2021 16:21,1944309420,1944318060
Douglas Cobb,11/8/2021 13:47,11/8/2021 17:39,1944308820,1944322740
Andrew Steele,11/8/2021 15:19,11/8/2021 16:25,1944314340,1944318300
Andrew Steele,11/8/2021 14:15,11/8/2021 15:18,1944310500,1944314280
Jaida Vasquez,11/8/2021 13:54,11/8/2021 16:37,1944309240,1944319020
Jadiel Duncan,11/8/2021 14:18,11/8/2021 16:37,1944310680,1944319020
Elliot Nielsen,11/8/2021 14:32,11/8/2021 18:53,1944311520,1944327180
Jaelynn Perry,11/8/2021 14:05,11/8/2021 14:08,1944309900,1944310080
Jaelynn Perry,11/8/2021 14:15,11/8/2021 15:17,1944310500,1944314220
Marcus Roth,11/8/2021 13:41,11/8/2021 15:19,1944308460,1944314340
Marcus Roth,11/8/2021 15:19,11/8/2021 17:20,1944314340,1944321600
Pierce Reid,11/9/2021 14:01,11/9/2021 19:04,1946988060,1947006240
Kadin Gentry,11/9/2021 13:45,11/9/2021 19:03,1946987100,1947006180
Caylee Rivas,11/9/2021 14:02,11/9/2021 15:01,1946988120,1946991660
Vivian Sparks,11/9/2021 14:01,11/9/2021 15:34,1946988060,1946993640
Lorenzo Werner,11/9/2021 13:56,11/9/2021 19:09,1946987760,1947006540
Callum Foley,11/9/2021 14:00,11/9/2021 16:07,1946988000,1946995620
Jolie Jensen,11/9/2021 13:57,11/9/2021 19:09,1946987820,1947006540
Finn Holt,11/9/2021 13:46,11/9/2021 16:09,1946987160,1946995740
Savion Swanson,11/9/2021 13:51,11/9/2021 19:03,1946987460,1947006180
Brogan Fleming,11/9/2021 15:42,11/9/2021 15:43,1946994120,1946994180
Korbin Blankenship,11/9/2021 14:26,11/9/2021 14:50,1946989560,1946991000
Korbin Blankenship,11/9/2021 14:50,11/9/2021 19:04,1946991000,1947006240
Marlon Buchanan,11/9/2021 17:40,11/9/2021 19:05,1947001200,1947006300
Zayne Christian,11/9/2021 15:18,11/9/2021 15:52,1946992680,1946994720
Kallie Weiss,11/9/2021 13:58,11/9/2021 16:22,1946987880,1946996520
Kenyon Cannon,11/9/2021 14:00,11/9/2021 17:16,1946988000,1946999760
Dalia Cooper,11/9/2021 14:02,11/9/2021 15:35,1946988120,1946993700
Veronica Lang,11/9/2021 13:53,11/9/2021 17:43,1946987580,1947001380
Mila Patel,11/9/2021 13:55,11/9/2021 19:03,1946987700,1947006180
Braylon Charles,11/9/2021 14:00,11/9/2021 16:44,1946988000,1946997840
Bianca Estrada,11/9/2021 13:52,11/9/2021 19:03,1946987520,1947006180
Teagan Garrison,11/9/2021 16:40,11/9/2021 16:41,1946997600,1946997660
Finley Graham,11/9/2021 15:23,11/9/2021 16:18,1946992980,1946996280
Valeria Moyer,11/9/2021 14:18,11/9/2021 14:19,1946989080,1946989140
Giovanni Green,11/9/2021 15:20,11/9/2021 15:29,1946992800,1946993340
Celia Nichols,11/9/2021 13:58,11/9/2021 19:05,1946987880,1947006300
German Leonard,11/9/2021 13:40,11/9/2021 13:58,1946986800,1946987880
Lyric Clarke,11/9/2021 14:02,11/9/2021 15:34,1946988120,1946993640
Lyric Clarke,11/9/2021 15:48,11/9/2021 15:53,1946994480,1946994780
Lyric Clarke,11/9/2021 16:00,11/9/2021 16:08,1946995200,1946995680
Lyric Clarke,11/9/2021 16:27,11/9/2021 16:28,1946996820,1946996880
Lyric Clarke,11/9/2021 17:16,11/9/2021 17:16,1946999760,1946999760
Taylor David,11/9/2021 17:20,11/9/2021 18:12,1947000000,1947003120
Payten Graham,11/9/2021 13:50,11/9/2021 19:09,1946987400,1947006540
Sean Blackburn,11/9/2021 15:52,11/9/2021 15:53,1946994720,1946994780
Sean Blackburn,11/9/2021 16:17,11/9/2021 17:07,1946996220,1946999220
Preston Robertson,11/9/2021 14:03,11/9/2021 17:05,1946988180,1946999100
Jada Snyder,11/9/2021 14:01,11/9/2021 15:04,1946988060,1946991840
Colton Knapp,11/9/2021 14:12,11/9/2021 14:32,1946988720,1946989920
Colton Knapp,11/9/2021 14:33,11/9/2021 14:36,1946989980,1946990160
Colton Knapp,11/9/2021 14:36,11/9/2021 15:02,1946990160,1946991720
Colton Knapp,11/9/2021 15:31,11/9/2021 15:32,1946993460,1946993520
Colton Knapp,11/9/2021 16:42,11/9/2021 18:13,1946997720,1947003180
Justus Gaines,11/9/2021 14:04,11/9/2021 19:09,1946988240,1947006540
Kayleigh Rodgers,11/9/2021 18:15,11/9/2021 19:09,1947003300,1947006540
Zachariah Mcclure,11/9/2021 13:48,11/9/2021 18:50,1946987280,1947005400
Ibrahim Norton,11/9/2021 13:31,11/9/2021 19:06,1946986260,1947006360
Nadia Ho,11/9/2021 14:00,11/9/2021 16:53,1946988000,1946998380
Kane Hatfield,11/9/2021 13:57,11/9/2021 19:04,1946987820,1947006240
Norah Reed,11/9/2021 14:05,11/9/2021 15:51,1946988300,1946994660
Alice Duarte,11/9/2021 13:58,11/9/2021 18:04,1946987880,1947002640
Braiden Nelson,11/9/2021 14:51,11/9/2021 17:17,1946991060,1946999820
German Higgins,11/9/2021 14:00,11/9/2021 15:33,1946988000,1946993580
Easton Perez,11/9/2021 13:41,11/9/2021 13:42,1946986860,1946986920
Easton Perez,11/9/2021 13:57,11/9/2021 14:35,1946987820,1946990100
Easton Perez,11/9/2021 14:37,11/9/2021 16:12,1946990220,1946995920
Easton Perez,11/9/2021 18:23,11/9/2021 19:04,1947003780,1947006240
Deangelo Cooke,11/9/2021 16:21,11/9/2021 19:04,1946996460,1947006240
Ava Preston,11/9/2021 13:58,11/9/2021 19:09,1946987880,1947006540
Efrain Jordan,11/9/2021 13:59,11/9/2021 16:17,1946987940,1946996220
Efrain Jordan,11/9/2021 14:00,11/9/2021 16:16,1946988000,1946996160
Hayden Hull,11/9/2021 14:01,11/9/2021 14:02,1946988060,1946988120
Hayden Hull,11/9/2021 14:02,11/9/2021 19:04,1946988120,1947006240
Julia Winters,11/9/2021 13:32,11/9/2021 17:59,1946986320,1947002340
Julia Winters,11/9/2021 13:33,11/9/2021 17:59,1946986380,1947002340
Trent Tate,11/9/2021 14:53,11/9/2021 15:59,1946991180,1946995140
Kristopher Horn,11/9/2021 13:56,11/9/2021 18:20,1946987760,1947003600
Matthias Prince,11/9/2021 13:50,11/9/2021 18:26,1946987400,1947003960
Samson Brock,11/9/2021 14:30,11/9/2021 17:17,1946989800,1946999820
Maggie Franco,11/9/2021 16:32,11/9/2021 16:45,1946997120,1946997900
Maggie Franco,11/9/2021 16:58,11/9/2021 19:09,1946998680,1947006540
Enzo Kidd,11/9/2021 13:57,11/9/2021 19:04,1946987820,1947006240
Aaliyah Price,11/9/2021 14:04,11/9/2021 14:08,1946988240,1946988480
Parker Mendez,11/9/2021 13:46,11/9/2021 15:11,1946987160,1946992260
Parker Mendez,11/9/2021 15:12,11/9/2021 17:19,1946992320,1946999940
Jaliyah Andrade,11/9/2021 13:51,11/9/2021 15:09,1946987460,1946992140
Jaliyah Andrade,11/9/2021 15:07,11/9/2021 19:05,1946992020,1947006300
Odin Gallagher,11/9/2021 13:59,11/9/2021 15:01,1946987940,1946991660
Odin Gallagher,11/9/2021 15:13,11/9/2021 16:08,1946992380,1946995680
Camila Blevins,11/9/2021 13:47,11/9/2021 15:31,1946987220,1946993460
Camila Blevins,11/9/2021 15:32,11/9/2021 18:52,1946993520,1947005520
Stanley Moreno,11/9/2021 13:57,11/9/2021 15:12,1946987820,1946992320
Stanley Moreno,11/9/2021 15:12,11/9/2021 19:03,1946992320,1947006180
Amani Spencer,11/9/2021 13:58,11/9/2021 19:04,1946987880,1947006240
Laney Hammond,11/9/2021 13:59,11/9/2021 14:41,1946987940,1946990460
Laney Hammond,11/9/2021 14:46,11/9/2021 19:04,1946990760,1947006240
Katherine Guzman,11/9/2021 14:13,11/9/2021 17:19,1946988780,1946999940
Katherine Guzman,11/9/2021 16:29,11/9/2021 17:53,1946996940,1947001980
Katherine Guzman,11/9/2021 17:47,11/9/2021 19:08,1947001620,1947006480
Scarlett Potter,11/9/2021 13:47,11/9/2021 14:58,1946987220,1946991480
Noelle Sosa,11/9/2021 13:51,11/9/2021 13:51,1946987460,1946987460
Ashly Ellison,11/9/2021 14:26,11/9/2021 15:02,1946989560,1946991720
Kamila Patel,11/9/2021 17:55,11/9/2021 18:35,1947002100,1947004500
Pierce Russell,11/9/2021 14:29,11/9/2021 17:18,1946989740,1946999880
Corinne Cherry,11/9/2021 14:05,11/9/2021 19:04,1946988300,1947006240
Damion Key,11/9/2021 14:00,11/9/2021 15:02,1946988000,1946991720
Elyse Riddle,11/9/2021 15:24,11/9/2021 16:08,1946993040,1946995680
Elyse Riddle,11/9/2021 16:22,11/9/2021 18:16,1946996520,1947003360
Cole Carey,11/9/2021 13:59,11/9/2021 17:17,1946987940,1946999820
Aniya Ramsey,11/9/2021 16:12,11/9/2021 17:00,1946995920,1946998800
Aniya Ramsey,11/9/2021 18:00,11/9/2021 19:03,1947002400,1947006180
Marissa Vargas,11/9/2021 15:52,11/9/2021 16:01,1946994720,1946995260
Marissa Vargas,11/9/2021 17:43,11/9/2021 19:04,1947001380,1947006240
Zaria Matthews,11/9/2021 14:04,11/9/2021 14:34,1946988240,1946990040
Jazmin Gentry,11/9/2021 14:26,11/9/2021 15:30,1946989560,1946993400
Jazmin Gentry,11/9/2021 16:35,11/9/2021 16:37,1946997300,1946997420
Carly Faulkner,11/9/2021 13:58,11/9/2021 14:15,1946987880,1946988900
Jake Sawyer,11/9/2021 14:08,11/9/2021 19:05,1946988480,1947006300
Kaleb Salinas,11/9/2021 16:22,11/9/2021 16:40,1946996520,1946997600
Makayla Yang,11/9/2021 14:00,11/9/2021 18:02,1946988000,1947002520
Makayla Yang,11/9/2021 18:02,11/9/2021 18:20,1947002520,1947003600
Trystan Rios,11/9/2021 13:53,11/9/2021 19:04,1946987580,1947006240
Dayana Mcpherson,11/9/2021 13:56,11/9/2021 17:02,1946987760,1946998920
Tristen Rocha,11/9/2021 14:00,11/9/2021 15:01,1946988000,1946991660
Walker Salazar,11/9/2021 13:58,11/9/2021 17:19,1946987880,1946999940
Alaina Miller,11/9/2021 16:03,11/9/2021 18:51,1946995380,1947005460
Regina Christian,11/9/2021 14:03,11/9/2021 17:17,1946988180,1946999820
Audrey Mcmillan,11/9/2021 13:46,11/9/2021 15:00,1946987160,1946991600
Audrey Mcmillan,11/9/2021 15:29,11/9/2021 18:30,1946993340,1947004200
Audrey Mcmillan,11/9/2021 18:43,11/9/2021 19:08,1947004980,1947006480
Rayne Ramos,11/9/2021 14:01,11/9/2021 14:29,1946988060,1946989740
Nathen Buck,11/9/2021 13:32,11/9/2021 14:16,1946986320,1946988960
Garrett Gibson,11/9/2021 13:54,11/9/2021 17:17,1946987640,1946999820
Aisha English,11/9/2021 14:00,11/9/2021 14:06,1946988000,1946988360
Aisha English,11/9/2021 14:06,11/9/2021 14:10,1946988360,1946988600
Aisha English,11/9/2021 14:10,11/9/2021 14:39,1946988600,1946990340
Aisha English,11/9/2021 14:39,11/9/2021 14:58,1946990340,1946991480
Aisha English,11/9/2021 15:29,11/9/2021 19:03,1946993340,1947006180
Cameron Bruce,11/9/2021 13:55,11/9/2021 19:08,1946987700,1947006480
Sidney Alvarez,11/9/2021 15:04,11/9/2021 16:48,1946991840,1946998080
Jennifer English,11/9/2021 14:00,11/9/2021 19:07,1946988000,1947006420
Aubree Elliott,11/9/2021 18:11,11/9/2021 18:18,1947003060,1947003480
Aubree Elliott,11/9/2021 13:52,11/9/2021 14:17,1946987520,1946989020
Aubree Elliott,11/9/2021 15:32,11/9/2021 16:55,1946993520,1946998500
Aubree Elliott,11/9/2021 16:56,11/9/2021 18:11,1946998560,1947003060
Aubree Elliott,11/9/2021 18:18,11/9/2021 19:04,1947003480,1947006240
Selah Moreno,11/9/2021 14:01,11/9/2021 14:31,1946988060,1946989860
Selah Moreno,11/9/2021 14:33,11/9/2021 15:38,1946989980,1946993880
Selah Moreno,11/9/2021 16:12,11/9/2021 16:44,1946995920,1946997840
Selah Moreno,11/9/2021 17:30,11/9/2021 18:11,1947000600,1947003060
Teresa Leach,11/9/2021 13:52,11/9/2021 14:11,1946987520,1946988660
Teresa Leach,11/9/2021 14:14,11/9/2021 19:05,1946988840,1947006300
Alannah Wright,11/9/2021 14:46,11/9/2021 19:06,1946990760,1947006360
Tristin Spears,11/9/2021 16:43,11/9/2021 19:05,1946997780,1947006300
Kane Mack,11/9/2021 13:51,11/9/2021 19:04,1946987460,1947006240
Estrella Savage,11/9/2021 16:45,11/9/2021 19:04,1946997900,1947006240
Taniya Frey,11/9/2021 14:02,11/9/2021 18:58,1946988120,1947005880
Damaris Barron,11/9/2021 13:40,11/9/2021 15:10,1946986800,1946992200
Josephine Williamson,11/9/2021 14:06,11/9/2021 19:05,1946988360,1947006300
Branson Rivas,11/9/2021 13:43,11/9/2021 18:03,1946986980,1947002580
Branson Rivas,11/9/2021 18:27,11/9/2021 19:09,1947004020,1947006540
Zander Lewis,11/9/2021 14:55,11/9/2021 15:05,1946991300,1946991900
Zander Lewis,11/9/2021 15:16,11/9/2021 16:09,1946992560,1946995740
Zander Lewis,11/9/2021 16:16,11/9/2021 19:04,1946996160,1947006240
Bernard Coleman,11/9/2021 14:09,11/9/2021 19:04,1946988540,1947006240
Bernard Coleman,11/9/2021 14:35,11/9/2021 19:04,1946990100,1947006240
Abbigail Harding,11/9/2021 14:00,11/9/2021 14:11,1946988000,1946988660
Abbigail Harding,11/9/2021 14:14,11/9/2021 19:03,1946988840,1947006180
Keyla Daugherty,11/9/2021 14:44,11/9/2021 14:52,1946990640,1946991120
Kayden Hancock,11/9/2021 13:31,11/9/2021 19:04,1946986260,1947006240
Kaiya Cordova,11/9/2021 14:03,11/9/2021 17:03,1946988180,1946998980
Jamarcus Hart,11/9/2021 14:12,11/9/2021 19:09,1946988720,1947006540
Nicolas Maddox,11/9/2021 14:06,11/9/2021 19:09,1946988360,1947006540
Hadassah Lowery,11/9/2021 14:02,11/9/2021 17:10,1946988120,1946999400
Adalyn Gonzalez,11/9/2021 14:04,11/9/2021 17:49,1946988240,1947001740
Marisol Rasmussen,11/9/2021 13:32,11/9/2021 14:31,1946986320,1946989860
Rishi Norris,11/9/2021 13:59,11/9/2021 19:09,1946987940,1947006540
Jaylee Estes,11/9/2021 13:39,11/9/2021 15:40,1946986740,1946994000
Jaylee Estes,11/9/2021 14:26,11/9/2021 14:37,1946989560,1946990220
Jaylee Estes,11/9/2021 15:40,11/9/2021 17:18,1946994000,1946999880
Jaylee Estes,11/9/2021 17:18,11/9/2021 19:05,1946999880,1947006300
Jaylee Estes,11/9/2021 17:23,11/9/2021 17:26,1947000180,1947000360
Jaylee Estes,11/9/2021 17:31,11/9/2021 18:59,1947000660,1947005940
Delaney Horne,11/9/2021 13:55,11/9/2021 19:04,1946987700,1947006240
Jayla Schmidt,11/9/2021 14:43,11/9/2021 17:16,1946990580,1946999760
Felipe Ross,11/9/2021 13:46,11/9/2021 17:22,1946987160,1947000120
London Savage,11/9/2021 14:08,11/9/2021 14:59,1946988480,1946991540
Tianna Rhodes,11/9/2021 14:21,11/9/2021 17:31,1946989260,1947000660
Keagan Payne,11/9/2021 13:58,11/9/2021 17:17,1946987880,1946999820
Evangeline Chen,11/9/2021 13:46,11/9/2021 19:05,1946987160,1947006300
Bethany Brennan,11/9/2021 13:55,11/9/2021 18:11,1946987700,1947003060
Blaze Ewing,11/9/2021 13:54,11/9/2021 15:07,1946987640,1946992020
Blaze Ewing,11/9/2021 15:06,11/9/2021 19:09,1946991960,1947006540
Aedan Fischer,11/9/2021 17:22,11/9/2021 18:23,1947000120,1947003780
Sage Carrillo,11/9/2021 15:01,11/9/2021 15:02,1946991660,1946991720
Sage Carrillo,11/9/2021 18:30,11/9/2021 19:05,1947004200,1947006300
Clare Hicks,11/9/2021 13:57,11/9/2021 19:04,1946987820,1947006240
Clare Hicks,11/9/2021 19:05,11/9/2021 19:06,1947006300,1947006360
Clare Hicks,11/9/2021 19:06,11/9/2021 19:06,1947006360,1947006360
Tristin Heath,11/9/2021 16:53,11/9/2021 17:04,1946998380,1946999040
Tristin Heath,11/9/2021 17:27,11/9/2021 17:48,1947000420,1947001680
Alexis Cruz,11/9/2021 13:58,11/9/2021 19:04,1946987880,1947006240
Gerardo Baldwin,11/9/2021 14:25,11/9/2021 14:57,1946989500,1946991420
Gerardo Baldwin,11/9/2021 17:24,11/9/2021 19:04,1947000240,1947006240
Davin Preston,11/9/2021 13:57,11/9/2021 15:58,1946987820,1946995080
Marquise Walker,11/9/2021 14:50,11/9/2021 14:52,1946991000,1946991120
Atticus Rodriguez,11/9/2021 13:51,11/9/2021 19:04,1946987460,1947006240
Amani Hodge,11/9/2021 14:01,11/9/2021 18:05,1946988060,1947002700
Noelle Weber,11/9/2021 13:59,11/9/2021 14:39,1946987940,1946990340
Casey Gonzales,11/9/2021 13:57,11/9/2021 19:04,1946987820,1947006240
Cannon Krueger,11/9/2021 14:01,11/9/2021 14:26,1946988060,1946989560
Carissa Zuniga,11/9/2021 14:35,11/9/2021 15:02,1946990100,1946991720
Jasmin Zavala,11/9/2021 13:58,11/9/2021 17:34,1946987880,1947000840
Jasmin Zavala,11/9/2021 18:05,11/9/2021 19:03,1947002700,1947006180
Alannah Oliver,11/9/2021 14:11,11/9/2021 14:14,1946988660,1946988840
Ashanti Landry,11/9/2021 14:55,11/9/2021 15:02,1946991300,1946991720
Ashanti Landry,11/9/2021 15:11,11/9/2021 19:04,1946992260,1947006240
Alannah Downs,11/9/2021 13:59,11/9/2021 17:16,1946987940,1946999760
Gilbert Salas,11/9/2021 13:52,11/9/2021 18:35,1946987520,1947004500
Kylee Decker,11/9/2021 13:58,11/9/2021 14:50,1946987880,1946991000
Kylee Decker,11/9/2021 15:14,11/9/2021 18:06,1946992440,1947002760
Azul Hopkins,11/9/2021 13:34,11/9/2021 18:27,1946986440,1947004020
Erin Werner,11/9/2021 14:01,11/9/2021 17:21,1946988060,1947000060
Sonny Roth,11/9/2021 13:57,11/9/2021 18:48,1946987820,1947005280
Sonny Roth,11/9/2021 18:49,11/9/2021 19:05,1947005340,1947006300
Brennan Tyler,11/9/2021 13:51,11/9/2021 19:04,1946987460,1947006240
Madelyn Pugh,11/9/2021 14:00,11/9/2021 19:04,1946988000,1947006240
Raegan Wade,11/9/2021 13:50,11/9/2021 18:04,1946987400,1947002640
Douglas Cobb,11/9/2021 13:35,11/9/2021 13:36,1946986500,1946986560
Jaida Vasquez,11/9/2021 13:50,11/9/2021 19:03,1946987400,1947006180
Jadiel Duncan,11/9/2021 13:57,11/9/2021 17:31,1946987820,1947000660
Elliot Nielsen,11/9/2021 14:41,11/9/2021 19:04,1946990460,1947006240
Jaelynn Perry,11/9/2021 14:31,11/9/2021 15:01,1946989860,1946991660
